1508846269;p1p1;0.00;0.00;0.00;0;0;0.00;0.00;0.00;0;0;0.00;0.00;0;0
1508846270;p1p1;0.00;0.00;0.00;0;0;0.00;0.00;0.00;0;0;0.00;0.00;0;0
1508846270;p1p1;0.00;0.00;0.00;0;0;0.00;0.00;0.00;0;0;0.00;0.00;0;0
1508846271;p1p1;31944.11;2697205.75;2729149.75;1351300;16004;473.05;1804.39;2277.45;904;237;0.00;0.00;0;0
1508846271;p1p1;0.00;796.00;796.00;398;0;0.00;4.00;4.00;2;0;0.00;0.00;0;0
1508846272;p1p1;0.00;119.76;119.76;60;0;0.00;2.00;2.00;1;0;0.00;0.00;0;0
1508846272;p1p1;0.00;240.00;240.00;120;0;0.00;4.00;4.00;2;0;0.00;0.00;0;0
1508846273;p1p1;0.00;0.00;0.00;0;0;0.00;0.00;0.00;0;0;0.00;0.00;0;0
1508846273;p1p1;0.00;240.00;240.00;120;0;0.00;4.00;4.00;2;0;0.00;0.00;0;0
1508846274;p1p1;0.00;0.00;0.00;0;0;0.00;0.00;0.00;0;0;0.00;0.00;0;0
1508846274;p1p1;0.00;120.00;120.00;60;0;0.00;2.00;2.00;1;0;0.00;0.00;0;0
1508846275;p1p1;0.00;0.00;0.00;0;0;0.00;0.00;0.00;0;0;0.00;0.00;0;0
1508846275;p1p1;0.00;120.00;120.00;60;0;0.00;2.00;2.00;1;0;0.00;0.00;0;0
1508846276;p1p1;0.00;0.00;0.00;0;0;0.00;0.00;0.00;0;0;0.00;0.00;0;0
1508846276;p1p1;0.00;0.00;0.00;0;0;0.00;0.00;0.00;0;0;0.00;0.00;0;0
1508846277;p1p1;0.00;119.76;119.76;60;0;0.00;2.00;2.00;1;0;0.00;0.00;0;0
1508846277;p1p1;0.00;120.00;120.00;60;0;0.00;2.00;2.00;1;0;0.00;0.00;0;0
1508846278;p1p1;0.00;0.00;0.00;0;0;0.00;0.00;0.00;0;0;0.00;0.00;0;0
1508846278;p1p1;0.00;0.00;0.00;0;0;0.00;0.00;0.00;0;0;0.00;0.00;0;0
1508846279;p1p1;0.00;119.76;119.76;60;0;0.00;2.00;2.00;1;0;0.00;0.00;0;0
1508846279;p1p1;0.00;0.00;0.00;0;0;0.00;0.00;0.00;0;0;0.00;0.00;0;0
1508846280;p1p1;0.00;0.00;0.00;0;0;0.00;0.00;0.00;0;0;0.00;0.00;0;0
1508846280;p1p1;0.00;120.00;120.00;60;0;0.00;2.00;2.00;1;0;0.00;0.00;0;0
1508846281;p1p1;17716.57;1358361.38;1376077.88;680539;8876;257.49;918.16;1175.65;460;129;0.00;0.00;0;0
1508846281;p1p1;0.00;0.00;0.00;0;0;0.00;0.00;0.00;0;0;0.00;0.00;0;0
1508846282;p1p1;0.00;0.00;0.00;0;0;0.00;0.00;0.00;0;0;0.00;0.00;0;0
1508846282;p1p1;0.00;0.00;0.00;0;0;0.00;0.00;0.00;0;0;0.00;0.00;0;0
1508846283;p1p1;0.00;0.00;0.00;0;0;0.00;0.00;0.00;0;0;0.00;0.00;0;0
1508846283;p1p1;0.00;0.00;0.00;0;0;0.00;0.00;0.00;0;0;0.00;0.00;0;0
1508846284;p1p1;0.00;0.00;0.00;0;0;0.00;0.00;0.00;0;0;0.00;0.00;0;0
1508846284;p1p1;0.00;0.00;0.00;0;0;0.00;0.00;0.00;0;0;0.00;0.00;0;0
1508846285;p1p1;0.00;0.00;0.00;0;0;0.00;0.00;0.00;0;0;0.00;0.00;0;0
1508846285;p1p1;0.00;0.00;0.00;0;0;0.00;0.00;0.00;0;0;0.00;0.00;0;0
1508846286;p1p1;0.00;0.00;0.00;0;0;0.00;0.00;0.00;0;0;0.00;0.00;0;0
1508846286;p1p1;0.00;120.00;120.00;60;0;0.00;2.00;2.00;1;0;0.00;0.00;0;0
1508846287;p1p1;0.00;119.76;119.76;60;0;0.00;2.00;2.00;1;0;0.00;0.00;0;0
1508846287;p1p1;0.00;0.00;0.00;0;0;0.00;0.00;0.00;0;0;0.00;0.00;0;0
1508846288;p1p1;0.00;119.76;119.76;60;0;0.00;2.00;2.00;1;0;0.00;0.00;0;0
1508846288;p1p1;0.00;0.00;0.00;0;0;0.00;0.00;0.00;0;0;0.00;0.00;0;0
1508846289;p1p1;0.00;119.76;119.76;60;0;0.00;2.00;2.00;1;0;0.00;0.00;0;0
1508846289;p1p1;0.00;0.00;0.00;0;0;0.00;0.00;0.00;0;0;0.00;0.00;0;0
1508846290;p1p1;0.00;0.00;0.00;0;0;0.00;0.00;0.00;0;0;0.00;0.00;0;0
1508846290;p1p1;0.00;0.00;0.00;0;0;0.00;0.00;0.00;0;0;0.00;0.00;0;0
1508846291;p1p1;1417.17;2199.60;3616.77;1102;710;15.97;11.98;27.94;6;8;0.00;0.00;0;0
1508846291;p1p1;0.00;120.00;120.00;60;0;0.00;2.00;2.00;1;0;0.00;0.00;0;0
1508846292;p1p1;0.00;119.76;119.76;60;0;0.00;2.00;2.00;1;0;0.00;0.00;0;0
1508846292;p1p1;0.00;120.00;120.00;60;0;0.00;2.00;2.00;1;0;0.00;0.00;0;0
1508846293;p1p1;0.00;1632.73;1632.73;818;0;0.00;7.98;7.98;4;0;0.00;0.00;0;0
1508846293;p1p1;0.00;120.00;120.00;60;0;0.00;2.00;2.00;1;0;0.00;0.00;0;0
1508846294;p1p1;0.00;0.00;0.00;0;0;0.00;0.00;0.00;0;0;0.00;0.00;0;0
1508846294;p1p1;0.00;120.00;120.00;60;0;0.00;2.00;2.00;1;0;0.00;0.00;0;0
1508846295;p1p1;0.00;0.00;0.00;0;0;0.00;0.00;0.00;0;0;0.00;0.00;0;0
1508846295;p1p1;0.00;120.00;120.00;60;0;0.00;2.00;2.00;1;0;0.00;0.00;0;0
1508846296;p1p1;83.83;119.76;203.59;60;42;2.00;2.00;3.99;1;1;0.00;0.00;0;0
1508846296;p1p1;0.00;120.00;120.00;60;0;0.00;2.00;2.00;1;0;0.00;0.00;0;0
1508846297;p1p1;0.00;0.00;0.00;0;0;0.00;0.00;0.00;0;0;0.00;0.00;0;0
1508846297;p1p1;0.00;120.00;120.00;60;0;0.00;2.00;2.00;1;0;0.00;0.00;0;0
1508846298;p1p1;0.00;0.00;0.00;0;0;0.00;0.00;0.00;0;0;0.00;0.00;0;0
1508846298;p1p1;0.00;120.00;120.00;60;0;0.00;2.00;2.00;1;0;0.00;0.00;0;0
1508846299;p1p1;0.00;0.00;0.00;0;0;0.00;0.00;0.00;0;0;0.00;0.00;0;0
1508846299;p1p1;0.00;240.00;240.00;120;0;0.00;4.00;4.00;2;0;0.00;0.00;0;0
1508846300;p1p1;0.00;0.00;0.00;0;0;0.00;0.00;0.00;0;0;0.00;0.00;0;0
1508846300;p1p1;0.00;0.00;0.00;0;0;0.00;0.00;0.00;0;0;0.00;0.00;0;0
1508846301;p1p1;0.00;0.00;0.00;0;0;0.00;0.00;0.00;0;0;0.00;0.00;0;0
1508846301;p1p1;0.00;796.00;796.00;398;0;0.00;4.00;4.00;2;0;0.00;0.00;0;0
1508846302;p1p1;1417.17;2199.60;3616.77;1102;710;15.97;11.98;27.94;6;8;0.00;0.00;0;0
1508846302;p1p1;0.00;240.00;240.00;120;0;0.00;4.00;4.00;2;0;0.00;0.00;0;0
1508846303;p1p1;0.00;0.00;0.00;0;0;0.00;0.00;0.00;0;0;0.00;0.00;0;0
1508846303;p1p1;0.00;120.00;120.00;60;0;0.00;2.00;2.00;1;0;0.00;0.00;0;0
1508846304;p1p1;0.00;0.00;0.00;0;0;0.00;0.00;0.00;0;0;0.00;0.00;0;0
1508846304;p1p1;0.00;120.00;120.00;60;0;0.00;2.00;2.00;1;0;0.00;0.00;0;0
1508846305;p1p1;0.00;734.53;734.53;368;0;0.00;7.98;7.98;4;0;0.00;0.00;0;0
1508846305;p1p1;0.00;0.00;0.00;0;0;0.00;0.00;0.00;0;0;0.00;0.00;0;0
1508846306;p1p1;0.00;367.27;367.27;184;0;0.00;3.99;3.99;2;0;0.00;0.00;0;0
1508846306;p1p1;0.00;0.00;0.00;0;0;0.00;0.00;0.00;0;0;0.00;0.00;0;0
1508846307;p1p1;0.00;0.00;0.00;0;0;0.00;0.00;0.00;0;0;0.00;0.00;0;0
1508846307;p1p1;0.00;0.00;0.00;0;0;0.00;0.00;0.00;0;0;0.00;0.00;0;0
1508846308;p1p1;0.00;367.27;367.27;184;0;0.00;3.99;3.99;2;0;0.00;0.00;0;0
1508846308;p1p1;0.00;0.00;0.00;0;0;0.00;0.00;0.00;0;0;0.00;0.00;0;0
1508846309;p1p1;0.00;239.52;239.52;120;0;0.00;3.99;3.99;2;0;0.00;0.00;0;0
1508846309;p1p1;0.00;0.00;0.00;0;0;0.00;0.00;0.00;0;0;0.00;0.00;0;0
1508846310;p1p1;0.00;0.00;0.00;0;0;0.00;0.00;0.00;0;0;0.00;0.00;0;0
1508846310;p1p1;0.00;0.00;0.00;0;0;0.00;0.00;0.00;0;0;0.00;0.00;0;0
1508846311;p1p1;0.00;119.76;119.76;60;0;0.00;2.00;2.00;1;0;0.00;0.00;0;0
1508846311;p1p1;0.00;120.00;120.00;60;0;0.00;2.00;2.00;1;0;0.00;0.00;0;0
1508846312;p1p1;0.00;0.00;0.00;0;0;0.00;0.00;0.00;0;0;0.00;0.00;0;0
1508846312;p1p1;0.00;120.00;120.00;60;0;0.00;2.00;2.00;1;0;0.00;0.00;0;0
1508846313;p1p1;1417.17;2199.60;3616.77;1102;710;15.97;11.98;27.94;6;8;0.00;0.00;0;0
1508846313;p1p1;0.00;120.00;120.00;60;0;0.00;2.00;2.00;1;0;0.00;0.00;0;0
1508846314;p1p1;0.00;0.00;0.00;0;0;0.00;0.00;0.00;0;0;0.00;0.00;0;0
1508846314;p1p1;0.00;120.00;120.00;60;0;0.00;2.00;2.00;1;0;0.00;0.00;0;0
1508846315;p1p1;0.00;0.00;0.00;0;0;0.00;0.00;0.00;0;0;0.00;0.00;0;0
1508846315;p1p1;0.00;0.00;0.00;0;0;0.00;0.00;0.00;0;0;0.00;0.00;0;0
1508846316;p1p1;0.00;0.00;0.00;0;0;0.00;0.00;0.00;0;0;0.00;0.00;0;0
1508846316;p1p1;0.00;0.00;0.00;0;0;0.00;0.00;0.00;0;0;0.00;0.00;0;0
1508846317;p1p1;0.00;0.00;0.00;0;0;0.00;0.00;0.00;0;0;0.00;0.00;0;0
1508846317;p1p1;0.00;0.00;0.00;0;0;0.00;0.00;0.00;0;0;0.00;0.00;0;0
1508846318;p1p1;0.00;0.00;0.00;0;0;0.00;0.00;0.00;0;0;0.00;0.00;0;0
1508846318;p1p1;0.00;0.00;0.00;0;0;0.00;0.00;0.00;0;0;0.00;0.00;0;0
1508846319;p1p1;0.00;0.00;0.00;0;0;0.00;0.00;0.00;0;0;0.00;0.00;0;0
1508846319;p1p1;75282.00;6437538.00;6512820.00;3218769;37641;1114.00;4312.00;5426.00;2156;557;0.00;0.00;0;0
1508846320;p1p1;0.00;0.00;0.00;0;0;0.00;0.00;0.00;0;0;0.00;0.00;0;0
1508846320;p1p1;0.00;120.00;120.00;60;0;0.00;2.00;2.00;1;0;0.00;0.00;0;0
1508846321;p1p1;0.00;0.00;0.00;0;0;0.00;0.00;0.00;0;0;0.00;0.00;0;0
1508846321;p1p1;0.00;120.00;120.00;60;0;0.00;2.00;2.00;1;0;0.00;0.00;0;0
1508846322;p1p1;0.00;0.00;0.00;0;0;0.00;0.00;0.00;0;0;0.00;0.00;0;0
1508846322;p1p1;0.00;240.00;240.00;120;0;0.00;4.00;4.00;2;0;0.00;0.00;0;0
1508846323;p1p1;0.00;1512.97;1512.97;758;0;0.00;5.99;5.99;3;0;0.00;0.00;0;0
1508846323;p1p1;0.00;240.00;240.00;120;0;0.00;4.00;4.00;2;0;0.00;0.00;0;0
1508846324;p1p1;0.00;0.00;0.00;0;0;0.00;0.00;0.00;0;0;0.00;0.00;0;0
1508846324;p1p1;0.00;120.00;120.00;60;0;0.00;2.00;2.00;1;0;0.00;0.00;0;0
1508846325;p1p1;0.00;119.76;119.76;60;0;0.00;2.00;2.00;1;0;0.00;0.00;0;0
1508846325;p1p1;0.00;240.00;240.00;120;0;0.00;4.00;4.00;2;0;0.00;0.00;0;0
1508846326;p1p1;0.00;0.00;0.00;0;0;0.00;0.00;0.00;0;0;0.00;0.00;0;0
1508846326;p1p1;0.00;120.00;120.00;60;0;0.00;2.00;2.00;1;0;0.00;0.00;0;0
1508846327;p1p1;0.00;119.76;119.76;60;0;0.00;2.00;2.00;1;0;0.00;0.00;0;0
1508846327;p1p1;0.00;0.00;0.00;0;0;0.00;0.00;0.00;0;0;0.00;0.00;0;0
1508846328;p1p1;0.00;469.06;469.06;235;0;0.00;2.00;2.00;1;0;0.00;0.00;0;0
1508846328;p1p1;132.00;132.00;264.00;66;66;2.00;2.00;4.00;1;1;0.00;0.00;0;0
1508846329;p1p1;0.00;119.76;119.76;60;0;0.00;2.00;2.00;1;0;0.00;0.00;0;0
1508846329;p1p1;0.00;120.00;120.00;60;0;0.00;2.00;2.00;1;0;0.00;0.00;0;0
1508846330;p1p1;0.00;0.00;0.00;0;0;0.00;0.00;0.00;0;0;0.00;0.00;0;0
1508846330;p1p1;36228.00;2972778.00;3009006.00;1486389;18114;538.00;1996.00;2534.00;998;269;0.00;0.00;0;0
1508846331;p1p1;0.00;0.00;0.00;0;0;0.00;0.00;0.00;0;0;0.00;0.00;0;0
1508846331;p1p1;0.00;1036.00;1036.00;518;0;0.00;8.00;8.00;4;0;0.00;0.00;0;0
1508846332;p1p1;0.00;0.00;0.00;0;0;0.00;0.00;0.00;0;0;0.00;0.00;0;0
1508846332;p1p1;0.00;0.00;0.00;0;0;0.00;0.00;0.00;0;0;0.00;0.00;0;0
1508846333;p1p1;0.00;0.00;0.00;0;0;0.00;0.00;0.00;0;0;0.00;0.00;0;0
1508846333;p1p1;84.00;120.00;204.00;60;42;2.00;2.00;4.00;1;1;0.00;0.00;0;0
1508846334;p1p1;0.00;0.00;0.00;0;0;0.00;0.00;0.00;0;0;0.00;0.00;0;0
1508846334;p1p1;0.00;0.00;0.00;0;0;0.00;0.00;0.00;0;0;0.00;0.00;0;0
1508846335;p1p1;0.00;235.53;235.53;118;0;0.00;2.00;2.00;1;0;0.00;0.00;0;0
1508846335;p1p1;0.00;0.00;0.00;0;0;0.00;0.00;0.00;0;0;0.00;0.00;0;0
1508846336;p1p1;0.00;0.00;0.00;0;0;0.00;0.00;0.00;0;0;0.00;0.00;0;0
1508846336;p1p1;0.00;0.00;0.00;0;0;0.00;0.00;0.00;0;0;0.00;0.00;0;0
1508846337;p1p1;0.00;119.76;119.76;60;0;0.00;2.00;2.00;1;0;0.00;0.00;0;0
1508846337;p1p1;0.00;0.00;0.00;0;0;0.00;0.00;0.00;0;0;0.00;0.00;0;0
1508846338;p1p1;0.00;0.00;0.00;0;0;0.00;0.00;0.00;0;0;0.00;0.00;0;0
1508846338;p1p1;0.00;120.00;120.00;60;0;0.00;2.00;2.00;1;0;0.00;0.00;0;0
1508846339;p1p1;0.00;0.00;0.00;0;0;0.00;0.00;0.00;0;0;0.00;0.00;0;0
1508846339;p1p1;0.00;0.00;0.00;0;0;0.00;0.00;0.00;0;0;0.00;0.00;0;0
1508846340;p1p1;0.00;0.00;0.00;0;0;0.00;0.00;0.00;0;0;0.00;0.00;0;0
1508846340;p1p1;40716.00;3340886.00;3381602.00;1670443;20358;606.00;2234.00;2840.00;1117;303;0.00;0.00;0;0
1508846341;p1p1;0.00;0.00;0.00;0;0;0.00;0.00;0.00;0;0;0.00;0.00;0;0
1508846341;p1p1;0.00;0.00;0.00;0;0;0.00;0.00;0.00;0;0;0.00;0.00;0;0
1508846342;p1p1;0.00;0.00;0.00;0;0;0.00;0.00;0.00;0;0;0.00;0.00;0;0
1508846342;p1p1;0.00;0.00;0.00;0;0;0.00;0.00;0.00;0;0;0.00;0.00;0;0
1508846343;p1p1;0.00;0.00;0.00;0;0;0.00;0.00;0.00;0;0;0.00;0.00;0;0
1508846343;p1p1;0.00;0.00;0.00;0;0;0.00;0.00;0.00;0;0;0.00;0.00;0;0
1508846344;p1p1;0.00;239.52;239.52;120;0;0.00;3.99;3.99;2;0;0.00;0.00;0;0
1508846344;p1p1;0.00;120.00;120.00;60;0;0.00;2.00;2.00;1;0;0.00;0.00;0;0
1508846345;p1p1;0.00;119.76;119.76;60;0;0.00;2.00;2.00;1;0;0.00;0.00;0;0
1508846345;p1p1;0.00;0.00;0.00;0;0;0.00;0.00;0.00;0;0;0.00;0.00;0;0
1508846346;p1p1;0.00;0.00;0.00;0;0;0.00;0.00;0.00;0;0;0.00;0.00;0;0
1508846346;p1p1;0.00;120.00;120.00;60;0;0.00;2.00;2.00;1;0;0.00;0.00;0;0
1508846347;p1p1;0.00;145.71;145.71;73;0;0.00;2.00;2.00;1;0;0.00;0.00;0;0
1508846347;p1p1;0.00;266.00;266.00;133;0;0.00;4.00;4.00;2;0;0.00;0.00;0;0
1508846348;p1p1;0.00;119.76;119.76;60;0;0.00;2.00;2.00;1;0;0.00;0.00;0;0
1508846348;p1p1;0.00;240.00;240.00;120;0;0.00;4.00;4.00;2;0;0.00;0.00;0;0
1508846349;p1p1;0.00;119.76;119.76;60;0;0.00;2.00;2.00;1;0;0.00;0.00;0;0
1508846349;p1p1;0.00;120.00;120.00;60;0;0.00;2.00;2.00;1;0;0.00;0.00;0;0
1508846350;p1p1;0.00;119.76;119.76;60;0;0.00;2.00;2.00;1;0;0.00;0.00;0;0
1508846350;p1p1;45864.00;3823062.00;3868926.00;1911531;22932;684.00;2566.00;3250.00;1283;342;0.00;0.00;0;0
1508846351;p1p1;0.00;0.00;0.00;0;0;0.00;0.00;0.00;0;0;0.00;0.00;0;0
1508846351;p1p1;0.00;240.00;240.00;120;0;0.00;4.00;4.00;2;0;0.00;0.00;0;0
1508846352;p1p1;0.00;0.00;0.00;0;0;0.00;0.00;0.00;0;0;0.00;0.00;0;0
1508846352;p1p1;0.00;0.00;0.00;0;0;0.00;0.00;0.00;0;0;0.00;0.00;0;0
1508846353;p1p1;0.00;1512.97;1512.97;758;0;0.00;5.99;5.99;3;0;0.00;0.00;0;0
1508846353;p1p1;0.00;240.00;240.00;120;0;0.00;4.00;4.00;2;0;0.00;0.00;0;0
1508846354;p1p1;0.00;239.52;239.52;120;0;0.00;3.99;3.99;2;0;0.00;0.00;0;0
1508846354;p1p1;0.00;120.00;120.00;60;0;0.00;2.00;2.00;1;0;0.00;0.00;0;0
1508846355;p1p1;0.00;0.00;0.00;0;0;0.00;0.00;0.00;0;0;0.00;0.00;0;0
1508846355;p1p1;0.00;360.00;360.00;180;0;0.00;6.00;6.00;3;0;0.00;0.00;0;0
1508846356;p1p1;0.00;0.00;0.00;0;0;0.00;0.00;0.00;0;0;0.00;0.00;0;0
1508846356;p1p1;0.00;240.00;240.00;120;0;0.00;4.00;4.00;2;0;0.00;0.00;0;0
1508846357;p1p1;0.00;119.76;119.76;60;0;0.00;2.00;2.00;1;0;0.00;0.00;0;0
1508846357;p1p1;0.00;360.00;360.00;180;0;0.00;6.00;6.00;3;0;0.00;0.00;0;0
1508846358;p1p1;0.00;0.00;0.00;0;0;0.00;0.00;0.00;0;0;0.00;0.00;0;0
1508846358;p1p1;0.00;120.00;120.00;60;0;0.00;2.00;2.00;1;0;0.00;0.00;0;0
1508846359;p1p1;0.00;0.00;0.00;0;0;0.00;0.00;0.00;0;0;0.00;0.00;0;0
1508846359;p1p1;0.00;120.00;120.00;60;0;0.00;2.00;2.00;1;0;0.00;0.00;0;0
1508846360;p1p1;0.00;0.00;0.00;0;0;0.00;0.00;0.00;0;0;0.00;0.00;0;0
1508846360;p1p1;32592.00;2758350.00;2790942.00;1379175;16296;480.00;1844.00;2324.00;922;240;0.00;0.00;0;0
1508846361;p1p1;0.00;0.00;0.00;0;0;0.00;0.00;0.00;0;0;0.00;0.00;0;0
1508846361;p1p1;0.00;1036.00;1036.00;518;0;0.00;8.00;8.00;4;0;0.00;0.00;0;0
1508846362;p1p1;0.00;0.00;0.00;0;0;0.00;0.00;0.00;0;0;0.00;0.00;0;0
1508846362;p1p1;0.00;240.00;240.00;120;0;0.00;4.00;4.00;2;0;0.00;0.00;0;0
1508846363;p1p1;0.00;0.00;0.00;0;0;0.00;0.00;0.00;0;0;0.00;0.00;0;0
1508846363;p1p1;0.00;240.00;240.00;120;0;0.00;4.00;4.00;2;0;0.00;0.00;0;0
1508846364;p1p1;0.00;119.76;119.76;60;0;0.00;2.00;2.00;1;0;0.00;0.00;0;0
1508846364;p1p1;0.00;240.00;240.00;120;0;0.00;4.00;4.00;2;0;0.00;0.00;0;0
1508846365;p1p1;0.00;0.00;0.00;0;0;0.00;0.00;0.00;0;0;0.00;0.00;0;0
1508846365;p1p1;84.00;240.00;324.00;120;42;2.00;4.00;6.00;2;1;0.00;0.00;0;0
1508846366;p1p1;0.00;119.76;119.76;60;0;0.00;2.00;2.00;1;0;0.00;0.00;0;0
1508846366;p1p1;0.00;856.00;856.00;428;0;0.00;10.00;10.00;5;0;0.00;0.00;0;0
1508846367;p1p1;0.00;0.00;0.00;0;0;0.00;0.00;0.00;0;0;0.00;0.00;0;0
1508846367;p1p1;0.00;488.00;488.00;244;0;0.00;6.00;6.00;3;0;0.00;0.00;0;0
1508846368;p1p1;0.00;0.00;0.00;0;0;0.00;0.00;0.00;0;0;0.00;0.00;0;0
1508846368;p1p1;0.00;120.00;120.00;60;0;0.00;2.00;2.00;1;0;0.00;0.00;0;0
1508846369;p1p1;0.00;0.00;0.00;0;0;0.00;0.00;0.00;0;0;0.00;0.00;0;0
1508846369;p1p1;0.00;488.00;488.00;244;0;0.00;6.00;6.00;3;0;0.00;0.00;0;0
1508846370;p1p1;0.00;0.00;0.00;0;0;0.00;0.00;0.00;0;0;0.00;0.00;0;0
1508846370;p1p1;37284.00;3122650.00;3159934.00;1561325;18642;554.00;2094.00;2648.00;1047;277;0.00;0.00;0;0
1508846371;p1p1;0.00;119.76;119.76;60;0;0.00;2.00;2.00;1;0;0.00;0.00;0;0
1508846371;p1p1;0.00;120.00;120.00;60;0;0.00;2.00;2.00;1;0;0.00;0.00;0;0
1508846372;p1p1;0.00;119.76;119.76;60;0;0.00;2.00;2.00;1;0;0.00;0.00;0;0
1508846372;p1p1;0.00;240.00;240.00;120;0;0.00;4.00;4.00;2;0;0.00;0.00;0;0
1508846373;p1p1;0.00;239.52;239.52;120;0;0.00;3.99;3.99;2;0;0.00;0.00;0;0
1508846373;p1p1;0.00;360.00;360.00;180;0;0.00;6.00;6.00;3;0;0.00;0.00;0;0
1508846374;p1p1;0.00;0.00;0.00;0;0;0.00;0.00;0.00;0;0;0.00;0.00;0;0
1508846374;p1p1;0.00;120.00;120.00;60;0;0.00;2.00;2.00;1;0;0.00;0.00;0;0
1508846375;p1p1;0.00;119.76;119.76;60;0;0.00;2.00;2.00;1;0;0.00;0.00;0;0
1508846375;p1p1;0.00;120.00;120.00;60;0;0.00;2.00;2.00;1;0;0.00;0.00;0;0
1508846376;p1p1;0.00;0.00;0.00;0;0;0.00;0.00;0.00;0;0;0.00;0.00;0;0
1508846376;p1p1;0.00;120.00;120.00;60;0;0.00;2.00;2.00;1;0;0.00;0.00;0;0
1508846377;p1p1;0.00;0.00;0.00;0;0;0.00;0.00;0.00;0;0;0.00;0.00;0;0
1508846377;p1p1;0.00;120.00;120.00;60;0;0.00;2.00;2.00;1;0;0.00;0.00;0;0
1508846378;p1p1;0.00;119.76;119.76;60;0;0.00;2.00;2.00;1;0;0.00;0.00;0;0
1508846378;p1p1;0.00;120.00;120.00;60;0;0.00;2.00;2.00;1;0;0.00;0.00;0;0
1508846379;p1p1;0.00;0.00;0.00;0;0;0.00;0.00;0.00;0;0;0.00;0.00;0;0
1508846379;p1p1;0.00;120.00;120.00;60;0;0.00;2.00;2.00;1;0;0.00;0.00;0;0
1508846380;p1p1;0.00;239.52;239.52;120;0;0.00;3.99;3.99;2;0;0.00;0.00;0;0
1508846380;p1p1;28572.00;2328638.00;2357210.00;1164319;14286;422.00;1560.00;1982.00;780;211;0.00;0.00;0;0
1508846381;p1p1;0.00;239.52;239.52;120;0;0.00;3.99;3.99;2;0;0.00;0.00;0;0
1508846381;p1p1;0.00;120.00;120.00;60;0;0.00;2.00;2.00;1;0;0.00;0.00;0;0
1508846382;p1p1;0.00;119.76;119.76;60;0;0.00;2.00;2.00;1;0;0.00;0.00;0;0
1508846382;p1p1;0.00;120.00;120.00;60;0;0.00;2.00;2.00;1;0;0.00;0.00;0;0
1508846383;p1p1;0.00;1632.73;1632.73;818;0;0.00;7.98;7.98;4;0;0.00;0.00;0;0
1508846383;p1p1;0.00;0.00;0.00;0;0;0.00;0.00;0.00;0;0;0.00;0.00;0;0
1508846384;p1p1;0.00;0.00;0.00;0;0;0.00;0.00;0.00;0;0;0.00;0.00;0;0
1508846384;p1p1;0.00;0.00;0.00;0;0;0.00;0.00;0.00;0;0;0.00;0.00;0;0
1508846385;p1p1;0.00;0.00;0.00;0;0;0.00;0.00;0.00;0;0;0.00;0.00;0;0
1508846385;p1p1;0.00;120.00;120.00;60;0;0.00;2.00;2.00;1;0;0.00;0.00;0;0
1508846386;p1p1;0.00;119.76;119.76;60;0;0.00;2.00;2.00;1;0;0.00;0.00;0;0
1508846386;p1p1;0.00;0.00;0.00;0;0;0.00;0.00;0.00;0;0;0.00;0.00;0;0
1508846387;p1p1;0.00;359.28;359.28;180;0;0.00;5.99;5.99;3;0;0.00;0.00;0;0
1508846387;p1p1;0.00;120.00;120.00;60;0;0.00;2.00;2.00;1;0;0.00;0.00;0;0
1508846388;p1p1;0.00;469.06;469.06;235;0;0.00;2.00;2.00;1;0;0.00;0.00;0;0
1508846388;p1p1;0.00;120.00;120.00;60;0;0.00;2.00;2.00;1;0;0.00;0.00;0;0
1508846389;p1p1;0.00;0.00;0.00;0;0;0.00;0.00;0.00;0;0;0.00;0.00;0;0
1508846389;p1p1;0.00;0.00;0.00;0;0;0.00;0.00;0.00;0;0;0.00;0.00;0;0
1508846390;p1p1;0.00;0.00;0.00;0;0;0.00;0.00;0.00;0;0;0.00;0.00;0;0
1508846390;p1p1;30156.00;2458162.00;2488318.00;1229081;15078;446.00;1648.00;2094.00;824;223;0.00;0.00;0;0
1508846391;p1p1;0.00;0.00;0.00;0;0;0.00;0.00;0.00;0;0;0.00;0.00;0;0
1508846391;p1p1;0.00;796.00;796.00;398;0;0.00;4.00;4.00;2;0;0.00;0.00;0;0
1508846392;p1p1;0.00;0.00;0.00;0;0;0.00;0.00;0.00;0;0;0.00;0.00;0;0
1508846392;p1p1;0.00;0.00;0.00;0;0;0.00;0.00;0.00;0;0;0.00;0.00;0;0
1508846393;p1p1;0.00;0.00;0.00;0;0;0.00;0.00;0.00;0;0;0.00;0.00;0;0
1508846393;p1p1;0.00;0.00;0.00;0;0;0.00;0.00;0.00;0;0;0.00;0.00;0;0
1508846394;p1p1;0.00;0.00;0.00;0;0;0.00;0.00;0.00;0;0;0.00;0.00;0;0
1508846394;p1p1;0.00;0.00;0.00;0;0;0.00;0.00;0.00;0;0;0.00;0.00;0;0
1508846395;p1p1;0.00;0.00;0.00;0;0;0.00;0.00;0.00;0;0;0.00;0.00;0;0
1508846395;p1p1;84.00;240.00;324.00;120;42;2.00;4.00;6.00;2;1;0.00;0.00;0;0
1508846396;p1p1;0.00;0.00;0.00;0;0;0.00;0.00;0.00;0;0;0.00;0.00;0;0
1508846396;p1p1;0.00;0.00;0.00;0;0;0.00;0.00;0.00;0;0;0.00;0.00;0;0
1508846397;p1p1;0.00;542.91;542.91;272;0;0.00;3.99;3.99;2;0;0.00;0.00;0;0
1508846397;p1p1;0.00;0.00;0.00;0;0;0.00;0.00;0.00;0;0;0.00;0.00;0;0
1508846398;p1p1;0.00;0.00;0.00;0;0;0.00;0.00;0.00;0;0;0.00;0.00;0;0
1508846398;p1p1;0.00;0.00;0.00;0;0;0.00;0.00;0.00;0;0;0.00;0.00;0;0
1508846399;p1p1;0.00;0.00;0.00;0;0;0.00;0.00;0.00;0;0;0.00;0.00;0;0
1508846399;p1p1;0.00;120.00;120.00;60;0;0.00;2.00;2.00;1;0;0.00;0.00;0;0
1508846400;p1p1;0.00;119.76;119.76;60;0;0.00;2.00;2.00;1;0;0.00;0.00;0;0
1508846400;p1p1;29496.00;2393970.00;2423466.00;1196985;14748;436.00;1604.00;2040.00;802;218;0.00;0.00;0;0
1508846401;p1p1;0.00;0.00;0.00;0;0;0.00;0.00;0.00;0;0;0.00;0.00;0;0
1508846401;p1p1;0.00;120.00;120.00;60;0;0.00;2.00;2.00;1;0;0.00;0.00;0;0
1508846402;p1p1;0.00;0.00;0.00;0;0;0.00;0.00;0.00;0;0;0.00;0.00;0;0
1508846402;p1p1;0.00;120.00;120.00;60;0;0.00;2.00;2.00;1;0;0.00;0.00;0;0
1508846403;p1p1;0.00;0.00;0.00;0;0;0.00;0.00;0.00;0;0;0.00;0.00;0;0
1508846403;p1p1;0.00;0.00;0.00;0;0;0.00;0.00;0.00;0;0;0.00;0.00;0;0
1508846404;p1p1;0.00;119.76;119.76;60;0;0.00;2.00;2.00;1;0;0.00;0.00;0;0
1508846404;p1p1;0.00;120.00;120.00;60;0;0.00;2.00;2.00;1;0;0.00;0.00;0;0
1508846405;p1p1;0.00;0.00;0.00;0;0;0.00;0.00;0.00;0;0;0.00;0.00;0;0
1508846405;p1p1;0.00;120.00;120.00;60;0;0.00;2.00;2.00;1;0;0.00;0.00;0;0
1508846406;p1p1;0.00;0.00;0.00;0;0;0.00;0.00;0.00;0;0;0.00;0.00;0;0
1508846406;p1p1;0.00;120.00;120.00;60;0;0.00;2.00;2.00;1;0;0.00;0.00;0;0
1508846407;p1p1;0.00;119.76;119.76;60;0;0.00;2.00;2.00;1;0;0.00;0.00;0;0
1508846407;p1p1;0.00;240.00;240.00;120;0;0.00;4.00;4.00;2;0;0.00;0.00;0;0
1508846408;p1p1;0.00;0.00;0.00;0;0;0.00;0.00;0.00;0;0;0.00;0.00;0;0
1508846408;p1p1;0.00;120.00;120.00;60;0;0.00;2.00;2.00;1;0;0.00;0.00;0;0
1508846409;p1p1;0.00;0.00;0.00;0;0;0.00;0.00;0.00;0;0;0.00;0.00;0;0
1508846409;p1p1;0.00;240.00;240.00;120;0;0.00;4.00;4.00;2;0;0.00;0.00;0;0
1508846410;p1p1;0.00;0.00;0.00;0;0;0.00;0.00;0.00;0;0;0.00;0.00;0;0
1508846410;p1p1;24852.00;2023660.00;2048512.00;1011830;12426;366.00;1360.00;1726.00;680;183;0.00;0.00;0;0
1508846411;p1p1;0.00;239.52;239.52;120;0;0.00;3.99;3.99;2;0;0.00;0.00;0;0
1508846411;p1p1;0.00;120.00;120.00;60;0;0.00;2.00;2.00;1;0;0.00;0.00;0;0
1508846412;p1p1;0.00;0.00;0.00;0;0;0.00;0.00;0.00;0;0;0.00;0.00;0;0
1508846412;p1p1;0.00;120.00;120.00;60;0;0.00;2.00;2.00;1;0;0.00;0.00;0;0
1508846413;p1p1;0.00;1512.97;1512.97;758;0;0.00;5.99;5.99;3;0;0.00;0.00;0;0
1508846413;p1p1;0.00;240.00;240.00;120;0;0.00;4.00;4.00;2;0;0.00;0.00;0;0
1508846414;p1p1;0.00;854.29;854.29;428;0;0.00;9.98;9.98;5;0;0.00;0.00;0;0
1508846414;p1p1;0.00;0.00;0.00;0;0;0.00;0.00;0.00;0;0;0.00;0.00;0;0
1508846415;p1p1;0.00;734.53;734.53;368;0;0.00;7.98;7.98;4;0;0.00;0.00;0;0
1508846415;p1p1;0.00;0.00;0.00;0;0;0.00;0.00;0.00;0;0;0.00;0.00;0;0
1508846416;p1p1;0.00;0.00;0.00;0;0;0.00;0.00;0.00;0;0;0.00;0.00;0;0
1508846416;p1p1;0.00;0.00;0.00;0;0;0.00;0.00;0.00;0;0;0.00;0.00;0;0
1508846417;p1p1;0.00;734.53;734.53;368;0;0.00;7.98;7.98;4;0;0.00;0.00;0;0
1508846417;p1p1;0.00;0.00;0.00;0;0;0.00;0.00;0.00;0;0;0.00;0.00;0;0
1508846418;p1p1;0.00;0.00;0.00;0;0;0.00;0.00;0.00;0;0;0.00;0.00;0;0
1508846418;p1p1;0.00;0.00;0.00;0;0;0.00;0.00;0.00;0;0;0.00;0.00;0;0
1508846419;p1p1;0.00;0.00;0.00;0;0;0.00;0.00;0.00;0;0;0.00;0.00;0;0
1508846419;p1p1;0.00;0.00;0.00;0;0;0.00;0.00;0.00;0;0;0.00;0.00;0;0
1508846420;p1p1;0.00;0.00;0.00;0;0;0.00;0.00;0.00;0;0;0.00;0.00;0;0
1508846420;p1p1;26196.00;2136836.00;2163032.00;1068418;13098;386.00;1438.00;1824.00;719;193;0.00;0.00;0;0
1508846421;p1p1;0.00;119.76;119.76;60;0;0.00;2.00;2.00;1;0;0.00;0.00;0;0
1508846421;p1p1;0.00;1250.00;1250.00;625;0;0.00;10.00;10.00;5;0;0.00;0.00;0;0
1508846422;p1p1;0.00;239.52;239.52;120;0;0.00;3.99;3.99;2;0;0.00;0.00;0;0
1508846422;p1p1;0.00;0.00;0.00;0;0;0.00;0.00;0.00;0;0;0.00;0.00;0;0
1508846423;p1p1;0.00;119.76;119.76;60;0;0.00;2.00;2.00;1;0;0.00;0.00;0;0
1508846423;p1p1;0.00;0.00;0.00;0;0;0.00;0.00;0.00;0;0;0.00;0.00;0;0
1508846424;p1p1;0.00;119.76;119.76;60;0;0.00;2.00;2.00;1;0;0.00;0.00;0;0
1508846424;p1p1;0.00;0.00;0.00;0;0;0.00;0.00;0.00;0;0;0.00;0.00;0;0
1508846425;p1p1;0.00;0.00;0.00;0;0;0.00;0.00;0.00;0;0;0.00;0.00;0;0
1508846425;p1p1;84.00;120.00;204.00;60;42;2.00;2.00;4.00;1;1;0.00;0.00;0;0
1508846426;p1p1;0.00;0.00;0.00;0;0;0.00;0.00;0.00;0;0;0.00;0.00;0;0
1508846426;p1p1;0.00;0.00;0.00;0;0;0.00;0.00;0.00;0;0;0.00;0.00;0;0
1508846427;p1p1;0.00;0.00;0.00;0;0;0.00;0.00;0.00;0;0;0.00;0.00;0;0
1508846427;p1p1;0.00;0.00;0.00;0;0;0.00;0.00;0.00;0;0;0.00;0.00;0;0
1508846428;p1p1;0.00;0.00;0.00;0;0;0.00;0.00;0.00;0;0;0.00;0.00;0;0
1508846428;p1p1;0.00;120.00;120.00;60;0;0.00;2.00;2.00;1;0;0.00;0.00;0;0
1508846429;p1p1;0.00;0.00;0.00;0;0;0.00;0.00;0.00;0;0;0.00;0.00;0;0
1508846429;p1p1;0.00;0.00;0.00;0;0;0.00;0.00;0.00;0;0;0.00;0.00;0;0
1508846430;p1p1;0.00;119.76;119.76;60;0;0.00;2.00;2.00;1;0;0.00;0.00;0;0
1508846430;p1p1;23820.00;1889004.00;1912824.00;944502;11910;350.00;1274.00;1624.00;637;175;0.00;0.00;0;0
1508846431;p1p1;0.00;0.00;0.00;0;0;0.00;0.00;0.00;0;0;0.00;0.00;0;0
1508846431;p1p1;0.00;120.00;120.00;60;0;0.00;2.00;2.00;1;0;0.00;0.00;0;0
1508846432;p1p1;0.00;139.72;139.72;70;0;0.00;2.00;2.00;1;0;0.00;0.00;0;0
1508846432;p1p1;0.00;140.00;140.00;70;0;0.00;2.00;2.00;1;0;0.00;0.00;0;0
1508846433;p1p1;0.00;239.52;239.52;120;0;0.00;3.99;3.99;2;0;0.00;0.00;0;0
1508846433;p1p1;0.00;120.00;120.00;60;0;0.00;2.00;2.00;1;0;0.00;0.00;0;0
1508846434;p1p1;0.00;119.76;119.76;60;0;0.00;2.00;2.00;1;0;0.00;0.00;0;0
1508846434;p1p1;0.00;120.00;120.00;60;0;0.00;2.00;2.00;1;0;0.00;0.00;0;0
1508846435;p1p1;0.00;0.00;0.00;0;0;0.00;0.00;0.00;0;0;0.00;0.00;0;0
1508846435;p1p1;0.00;0.00;0.00;0;0;0.00;0.00;0.00;0;0;0.00;0.00;0;0
1508846436;p1p1;0.00;0.00;0.00;0;0;0.00;0.00;0.00;0;0;0.00;0.00;0;0
1508846436;p1p1;0.00;120.00;120.00;60;0;0.00;2.00;2.00;1;0;0.00;0.00;0;0
1508846437;p1p1;0.00;0.00;0.00;0;0;0.00;0.00;0.00;0;0;0.00;0.00;0;0
1508846437;p1p1;0.00;0.00;0.00;0;0;0.00;0.00;0.00;0;0;0.00;0.00;0;0
1508846438;p1p1;0.00;139.72;139.72;70;0;0.00;2.00;2.00;1;0;0.00;0.00;0;0
1508846438;p1p1;0.00;140.00;140.00;70;0;0.00;2.00;2.00;1;0;0.00;0.00;0;0
1508846439;p1p1;0.00;119.76;119.76;60;0;0.00;2.00;2.00;1;0;0.00;0.00;0;0
1508846439;p1p1;0.00;120.00;120.00;60;0;0.00;2.00;2.00;1;0;0.00;0.00;0;0
1508846440;p1p1;0.00;0.00;0.00;0;0;0.00;0.00;0.00;0;0;0.00;0.00;0;0
1508846440;p1p1;31344.00;2573334.00;2604678.00;1286667;15672;464.00;1724.00;2188.00;862;232;0.00;0.00;0;0
1508846441;p1p1;0.00;119.76;119.76;60;0;0.00;2.00;2.00;1;0;0.00;0.00;0;0
1508846441;p1p1;0.00;0.00;0.00;0;0;0.00;0.00;0.00;0;0;0.00;0.00;0;0
1508846442;p1p1;0.00;0.00;0.00;0;0;0.00;0.00;0.00;0;0;0.00;0.00;0;0
1508846442;p1p1;0.00;0.00;0.00;0;0;0.00;0.00;0.00;0;0;0.00;0.00;0;0
1508846443;p1p1;0.00;1512.97;1512.97;758;0;0.00;5.99;5.99;3;0;0.00;0.00;0;0
1508846443;p1p1;0.00;0.00;0.00;0;0;0.00;0.00;0.00;0;0;0.00;0.00;0;0
1508846444;p1p1;0.00;119.76;119.76;60;0;0.00;2.00;2.00;1;0;0.00;0.00;0;0
1508846444;p1p1;0.00;0.00;0.00;0;0;0.00;0.00;0.00;0;0;0.00;0.00;0;0
1508846445;p1p1;0.00;0.00;0.00;0;0;0.00;0.00;0.00;0;0;0.00;0.00;0;0
1508846445;p1p1;0.00;0.00;0.00;0;0;0.00;0.00;0.00;0;0;0.00;0.00;0;0
1508846446;p1p1;0.00;1345.31;1345.31;674;0;0.00;5.99;5.99;3;0;0.00;0.00;0;0
1508846446;p1p1;0.00;0.00;0.00;0;0;0.00;0.00;0.00;0;0;0.00;0.00;0;0
1508846447;p1p1;0.00;139.72;139.72;70;0;0.00;2.00;2.00;1;0;0.00;0.00;0;0
1508846447;p1p1;0.00;140.00;140.00;70;0;0.00;2.00;2.00;1;0;0.00;0.00;0;0
1508846448;p1p1;0.00;836.33;836.33;419;0;0.00;5.99;5.99;3;0;0.00;0.00;0;0
1508846448;p1p1;0.00;120.00;120.00;60;0;0.00;2.00;2.00;1;0;0.00;0.00;0;0
1508846449;p1p1;0.00;0.00;0.00;0;0;0.00;0.00;0.00;0;0;0.00;0.00;0;0
1508846449;p1p1;0.00;0.00;0.00;0;0;0.00;0.00;0.00;0;0;0.00;0.00;0;0
1508846450;p1p1;0.00;183.63;183.63;92;0;0.00;2.00;2.00;1;0;0.00;0.00;0;0
1508846450;p1p1;30288.00;2558886.00;2589174.00;1279443;15144;448.00;1710.00;2158.00;855;224;0.00;0.00;0;0
1508846451;p1p1;0.00;119.76;119.76;60;0;0.00;2.00;2.00;1;0;0.00;0.00;0;0
1508846451;p1p1;0.00;796.00;796.00;398;0;0.00;4.00;4.00;2;0;0.00;0.00;0;0
1508846452;p1p1;0.00;0.00;0.00;0;0;0.00;0.00;0.00;0;0;0.00;0.00;0;0
1508846452;p1p1;0.00;0.00;0.00;0;0;0.00;0.00;0.00;0;0;0.00;0.00;0;0
1508846453;p1p1;0.00;1199.60;1199.60;601;0;0.00;5.99;5.99;3;0;0.00;0.00;0;0
1508846453;p1p1;0.00;0.00;0.00;0;0;0.00;0.00;0.00;0;0;0.00;0.00;0;0
1508846454;p1p1;0.00;0.00;0.00;0;0;0.00;0.00;0.00;0;0;0.00;0.00;0;0
1508846454;p1p1;0.00;0.00;0.00;0;0;0.00;0.00;0.00;0;0;0.00;0.00;0;0
1508846455;p1p1;0.00;994.01;994.01;498;0;0.00;7.98;7.98;4;0;0.00;0.00;0;0
1508846455;p1p1;84.00;120.00;204.00;60;42;2.00;2.00;4.00;1;1;0.00;0.00;0;0
1508846456;p1p1;0.00;0.00;0.00;0;0;0.00;0.00;0.00;0;0;0.00;0.00;0;0
1508846456;p1p1;0.00;0.00;0.00;0;0;0.00;0.00;0.00;0;0;0.00;0.00;0;0
1508846457;p1p1;0.00;690.62;690.62;346;0;0.00;3.99;3.99;2;0;0.00;0.00;0;0
1508846457;p1p1;0.00;0.00;0.00;0;0;0.00;0.00;0.00;0;0;0.00;0.00;0;0
1508846458;p1p1;0.00;0.00;0.00;0;0;0.00;0.00;0.00;0;0;0.00;0.00;0;0
1508846458;p1p1;0.00;0.00;0.00;0;0;0.00;0.00;0.00;0;0;0.00;0.00;0;0
1508846459;p1p1;0.00;0.00;0.00;0;0;0.00;0.00;0.00;0;0;0.00;0.00;0;0
1508846459;p1p1;0.00;0.00;0.00;0;0;0.00;0.00;0.00;0;0;0.00;0.00;0;0
1508846460;p1p1;0.00;506.99;506.99;254;0;0.00;2.00;2.00;1;0;0.00;0.00;0;0
1508846460;p1p1;33456.00;2718934.00;2752390.00;1359467;16728;496.00;1822.00;2318.00;911;248;0.00;0.00;0;0
1508846461;p1p1;0.00;239.52;239.52;120;0;0.00;3.99;3.99;2;0;0.00;0.00;0;0
1508846461;p1p1;0.00;120.00;120.00;60;0;0.00;2.00;2.00;1;0;0.00;0.00;0;0
1508846462;p1p1;0.00;506.99;506.99;254;0;0.00;2.00;2.00;1;0;0.00;0.00;0;0
1508846462;p1p1;0.00;120.00;120.00;60;0;0.00;2.00;2.00;1;0;0.00;0.00;0;0
1508846463;p1p1;0.00;0.00;0.00;0;0;0.00;0.00;0.00;0;0;0.00;0.00;0;0
1508846463;p1p1;0.00;0.00;0.00;0;0;0.00;0.00;0.00;0;0;0.00;0.00;0;0
1508846464;p1p1;0.00;746.51;746.51;374;0;0.00;5.99;5.99;3;0;0.00;0.00;0;0
1508846464;p1p1;0.00;120.00;120.00;60;0;0.00;2.00;2.00;1;0;0.00;0.00;0;0
1508846465;p1p1;0.00;734.53;734.53;368;0;0.00;7.98;7.98;4;0;0.00;0.00;0;0
1508846465;p1p1;0.00;120.00;120.00;60;0;0.00;2.00;2.00;1;0;0.00;0.00;0;0
1508846466;p1p1;0.00;1361.28;1361.28;682;0;0.00;11.98;11.98;6;0;0.00;0.00;0;0
1508846466;p1p1;0.00;0.00;0.00;0;0;0.00;0.00;0.00;0;0;0.00;0.00;0;0
1508846467;p1p1;0.00;0.00;0.00;0;0;0.00;0.00;0.00;0;0;0.00;0.00;0;0
1508846467;p1p1;0.00;0.00;0.00;0;0;0.00;0.00;0.00;0;0;0.00;0.00;0;0
1508846468;p1p1;0.00;1241.52;1241.52;622;0;0.00;9.98;9.98;5;0;0.00;0.00;0;0
1508846468;p1p1;0.00;0.00;0.00;0;0;0.00;0.00;0.00;0;0;0.00;0.00;0;0
1508846469;p1p1;0.00;0.00;0.00;0;0;0.00;0.00;0.00;0;0;0.00;0.00;0;0
1508846469;p1p1;0.00;240.00;240.00;120;0;0.00;4.00;4.00;2;0;0.00;0.00;0;0
1508846470;p1p1;0.00;626.75;626.75;314;0;0.00;3.99;3.99;2;0;0.00;0.00;0;0
1508846470;p1p1;31740.00;2657250.00;2688990.00;1328625;15870;470.00;1782.00;2252.00;891;235;0.00;0.00;0;0
1508846471;p1p1;0.00;0.00;0.00;0;0;0.00;0.00;0.00;0;0;0.00;0.00;0;0
1508846471;p1p1;0.00;120.00;120.00;60;0;0.00;2.00;2.00;1;0;0.00;0.00;0;0
1508846472;p1p1;0.00;626.75;626.75;314;0;0.00;3.99;3.99;2;0;0.00;0.00;0;0
1508846472;p1p1;0.00;0.00;0.00;0;0;0.00;0.00;0.00;0;0;0.00;0.00;0;0
1508846473;p1p1;0.00;1512.97;1512.97;758;0;0.00;5.99;5.99;3;0;0.00;0.00;0;0
1508846473;p1p1;0.00;0.00;0.00;0;0;0.00;0.00;0.00;0;0;0.00;0.00;0;0
1508846474;p1p1;0.00;0.00;0.00;0;0;0.00;0.00;0.00;0;0;0.00;0.00;0;0
1508846474;p1p1;0.00;0.00;0.00;0;0;0.00;0.00;0.00;0;0;0.00;0.00;0;0
1508846475;p1p1;0.00;0.00;0.00;0;0;0.00;0.00;0.00;0;0;0.00;0.00;0;0
1508846475;p1p1;0.00;0.00;0.00;0;0;0.00;0.00;0.00;0;0;0.00;0.00;0;0
1508846476;p1p1;0.00;119.76;119.76;60;0;0.00;2.00;2.00;1;0;0.00;0.00;0;0
1508846476;p1p1;0.00;0.00;0.00;0;0;0.00;0.00;0.00;0;0;0.00;0.00;0;0
1508846477;p1p1;0.00;0.00;0.00;0;0;0.00;0.00;0.00;0;0;0.00;0.00;0;0
1508846477;p1p1;0.00;120.00;120.00;60;0;0.00;2.00;2.00;1;0;0.00;0.00;0;0
1508846478;p1p1;0.00;0.00;0.00;0;0;0.00;0.00;0.00;0;0;0.00;0.00;0;0
1508846478;p1p1;0.00;0.00;0.00;0;0;0.00;0.00;0.00;0;0;0.00;0.00;0;0
1508846479;p1p1;0.00;119.76;119.76;60;0;0.00;2.00;2.00;1;0;0.00;0.00;0;0
1508846479;p1p1;0.00;120.00;120.00;60;0;0.00;2.00;2.00;1;0;0.00;0.00;0;0
1508846480;p1p1;0.00;0.00;0.00;0;0;0.00;0.00;0.00;0;0;0.00;0.00;0;0
1508846480;p1p1;30684.00;2482022.00;2512706.00;1241011;15342;454.00;1662.00;2116.00;831;227;0.00;0.00;0;0
1508846481;p1p1;0.00;0.00;0.00;0;0;0.00;0.00;0.00;0;0;0.00;0.00;0;0
1508846481;p1p1;0.00;796.00;796.00;398;0;0.00;4.00;4.00;2;0;0.00;0.00;0;0
1508846482;p1p1;0.00;239.52;239.52;120;0;0.00;3.99;3.99;2;0;0.00;0.00;0;0
1508846482;p1p1;0.00;0.00;0.00;0;0;0.00;0.00;0.00;0;0;0.00;0.00;0;0
1508846483;p1p1;0.00;119.76;119.76;60;0;0.00;2.00;2.00;1;0;0.00;0.00;0;0
1508846483;p1p1;0.00;0.00;0.00;0;0;0.00;0.00;0.00;0;0;0.00;0.00;0;0
1508846484;p1p1;0.00;119.76;119.76;60;0;0.00;2.00;2.00;1;0;0.00;0.00;0;0
1508846484;p1p1;0.00;506.00;506.00;253;0;0.00;2.00;2.00;1;0;0.00;0.00;0;0
1508846485;p1p1;0.00;0.00;0.00;0;0;0.00;0.00;0.00;0;0;0.00;0.00;0;0
1508846485;p1p1;84.00;120.00;204.00;60;42;2.00;2.00;4.00;1;1;0.00;0.00;0;0
1508846486;p1p1;0.00;0.00;0.00;0;0;0.00;0.00;0.00;0;0;0.00;0.00;0;0
1508846486;p1p1;0.00;0.00;0.00;0;0;0.00;0.00;0.00;0;0;0.00;0.00;0;0
1508846487;p1p1;0.00;119.76;119.76;60;0;0.00;2.00;2.00;1;0;0.00;0.00;0;0
1508846487;p1p1;0.00;120.00;120.00;60;0;0.00;2.00;2.00;1;0;0.00;0.00;0;0
1508846488;p1p1;0.00;239.52;239.52;120;0;0.00;3.99;3.99;2;0;0.00;0.00;0;0
1508846488;p1p1;0.00;120.00;120.00;60;0;0.00;2.00;2.00;1;0;0.00;0.00;0;0
1508846489;p1p1;0.00;0.00;0.00;0;0;0.00;0.00;0.00;0;0;0.00;0.00;0;0
1508846489;p1p1;0.00;120.00;120.00;60;0;0.00;2.00;2.00;1;0;0.00;0.00;0;0
1508846490;p1p1;0.00;119.76;119.76;60;0;0.00;2.00;2.00;1;0;0.00;0.00;0;0
1508846490;p1p1;32136.00;2648582.00;2680718.00;1324291;16068;476.00;1776.00;2252.00;888;238;0.00;0.00;0;0
1508846491;p1p1;0.00;0.00;0.00;0;0;0.00;0.00;0.00;0;0;0.00;0.00;0;0
1508846491;p1p1;0.00;120.00;120.00;60;0;0.00;2.00;2.00;1;0;0.00;0.00;0;0
1508846492;p1p1;0.00;0.00;0.00;0;0;0.00;0.00;0.00;0;0;0.00;0.00;0;0
1508846492;p1p1;0.00;120.00;120.00;60;0;0.00;2.00;2.00;1;0;0.00;0.00;0;0
1508846493;p1p1;0.00;0.00;0.00;0;0;0.00;0.00;0.00;0;0;0.00;0.00;0;0
1508846493;p1p1;0.00;0.00;0.00;0;0;0.00;0.00;0.00;0;0;0.00;0.00;0;0
1508846494;p1p1;0.00;0.00;0.00;0;0;0.00;0.00;0.00;0;0;0.00;0.00;0;0
1508846494;p1p1;0.00;0.00;0.00;0;0;0.00;0.00;0.00;0;0;0.00;0.00;0;0
1508846495;p1p1;0.00;0.00;0.00;0;0;0.00;0.00;0.00;0;0;0.00;0.00;0;0
1508846495;p1p1;0.00;120.00;120.00;60;0;0.00;2.00;2.00;1;0;0.00;0.00;0;0
1508846496;p1p1;0.00;119.76;119.76;60;0;0.00;2.00;2.00;1;0;0.00;0.00;0;0
1508846496;p1p1;0.00;120.00;120.00;60;0;0.00;2.00;2.00;1;0;0.00;0.00;0;0
1508846497;p1p1;0.00;0.00;0.00;0;0;0.00;0.00;0.00;0;0;0.00;0.00;0;0
1508846497;p1p1;0.00;240.00;240.00;120;0;0.00;4.00;4.00;2;0;0.00;0.00;0;0
1508846498;p1p1;0.00;0.00;0.00;0;0;0.00;0.00;0.00;0;0;0.00;0.00;0;0
1508846498;p1p1;0.00;0.00;0.00;0;0;0.00;0.00;0.00;0;0;0.00;0.00;0;0
1508846499;p1p1;0.00;0.00;0.00;0;0;0.00;0.00;0.00;0;0;0.00;0.00;0;0
1508846499;p1p1;0.00;236.00;236.00;118;0;0.00;2.00;2.00;1;0;0.00;0.00;0;0
1508846500;p1p1;0.00;0.00;0.00;0;0;0.00;0.00;0.00;0;0;0.00;0.00;0;0
1508846500;p1p1;30024.00;2540054.00;2570078.00;1270027;15012;444.00;1704.00;2148.00;852;222;0.00;0.00;0;0
1508846501;p1p1;0.00;0.00;0.00;0;0;0.00;0.00;0.00;0;0;0.00;0.00;0;0
1508846501;p1p1;0.00;0.00;0.00;0;0;0.00;0.00;0.00;0;0;0.00;0.00;0;0
1508846502;p1p1;0.00;0.00;0.00;0;0;0.00;0.00;0.00;0;0;0.00;0.00;0;0
1508846502;p1p1;0.00;0.00;0.00;0;0;0.00;0.00;0.00;0;0;0.00;0.00;0;0
1508846503;p1p1;0.00;1512.97;1512.97;758;0;0.00;5.99;5.99;3;0;0.00;0.00;0;0
1508846503;p1p1;0.00;120.00;120.00;60;0;0.00;2.00;2.00;1;0;0.00;0.00;0;0
1508846504;p1p1;0.00;0.00;0.00;0;0;0.00;0.00;0.00;0;0;0.00;0.00;0;0
1508846504;p1p1;0.00;0.00;0.00;0;0;0.00;0.00;0.00;0;0;0.00;0.00;0;0
1508846505;p1p1;0.00;0.00;0.00;0;0;0.00;0.00;0.00;0;0;0.00;0.00;0;0
1508846505;p1p1;0.00;120.00;120.00;60;0;0.00;2.00;2.00;1;0;0.00;0.00;0;0
1508846506;p1p1;0.00;119.76;119.76;60;0;0.00;2.00;2.00;1;0;0.00;0.00;0;0
1508846506;p1p1;0.00;0.00;0.00;0;0;0.00;0.00;0.00;0;0;0.00;0.00;0;0
1508846507;p1p1;0.00;0.00;0.00;0;0;0.00;0.00;0.00;0;0;0.00;0.00;0;0
1508846507;p1p1;0.00;0.00;0.00;0;0;0.00;0.00;0.00;0;0;0.00;0.00;0;0
1508846508;p1p1;0.00;469.06;469.06;235;0;0.00;2.00;2.00;1;0;0.00;0.00;0;0
1508846508;p1p1;0.00;0.00;0.00;0;0;0.00;0.00;0.00;0;0;0.00;0.00;0;0
1508846509;p1p1;0.00;0.00;0.00;0;0;0.00;0.00;0.00;0;0;0.00;0.00;0;0
1508846509;p1p1;0.00;0.00;0.00;0;0;0.00;0.00;0.00;0;0;0.00;0.00;0;0
1508846510;p1p1;0.00;0.00;0.00;0;0;0.00;0.00;0.00;0;0;0.00;0.00;0;0
1508846510;p1p1;32664.00;2679110.00;2711774.00;1339555;16332;484.00;1794.00;2278.00;897;242;0.00;0.00;0;0
1508846511;p1p1;0.00;0.00;0.00;0;0;0.00;0.00;0.00;0;0;0.00;0.00;0;0
1508846511;p1p1;0.00;916.00;916.00;458;0;0.00;6.00;6.00;3;0;0.00;0.00;0;0
1508846512;p1p1;0.00;0.00;0.00;0;0;0.00;0.00;0.00;0;0;0.00;0.00;0;0
1508846512;p1p1;0.00;0.00;0.00;0;0;0.00;0.00;0.00;0;0;0.00;0.00;0;0
1508846513;p1p1;0.00;119.76;119.76;60;0;0.00;2.00;2.00;1;0;0.00;0.00;0;0
1508846513;p1p1;0.00;240.00;240.00;120;0;0.00;4.00;4.00;2;0;0.00;0.00;0;0
1508846514;p1p1;0.00;0.00;0.00;0;0;0.00;0.00;0.00;0;0;0.00;0.00;0;0
1508846514;p1p1;0.00;120.00;120.00;60;0;0.00;2.00;2.00;1;0;0.00;0.00;0;0
1508846515;p1p1;0.00;0.00;0.00;0;0;0.00;0.00;0.00;0;0;0.00;0.00;0;0
1508846515;p1p1;84.00;120.00;204.00;60;42;2.00;2.00;4.00;1;1;0.00;0.00;0;0
1508846516;p1p1;0.00;854.29;854.29;428;0;0.00;9.98;9.98;5;0;0.00;0.00;0;0
1508846516;p1p1;0.00;0.00;0.00;0;0;0.00;0.00;0.00;0;0;0.00;0.00;0;0
1508846517;p1p1;0.00;854.29;854.29;428;0;0.00;9.98;9.98;5;0;0.00;0.00;0;0
1508846517;p1p1;0.00;0.00;0.00;0;0;0.00;0.00;0.00;0;0;0.00;0.00;0;0
1508846518;p1p1;0.00;119.76;119.76;60;0;0.00;2.00;2.00;1;0;0.00;0.00;0;0
1508846518;p1p1;0.00;0.00;0.00;0;0;0.00;0.00;0.00;0;0;0.00;0.00;0;0
1508846519;p1p1;0.00;854.29;854.29;428;0;0.00;9.98;9.98;5;0;0.00;0.00;0;0
1508846519;p1p1;0.00;0.00;0.00;0;0;0.00;0.00;0.00;0;0;0.00;0.00;0;0
1508846520;p1p1;0.00;0.00;0.00;0;0;0.00;0.00;0.00;0;0;0.00;0.00;0;0
1508846520;p1p1;34512.00;2760626.00;2795138.00;1380313;17256;512.00;1850.00;2362.00;925;256;0.00;0.00;0;0
1508846521;p1p1;0.00;0.00;0.00;0;0;0.00;0.00;0.00;0;0;0.00;0.00;0;0
1508846521;p1p1;0.00;0.00;0.00;0;0;0.00;0.00;0.00;0;0;0.00;0.00;0;0
1508846522;p1p1;0.00;119.76;119.76;60;0;0.00;2.00;2.00;1;0;0.00;0.00;0;0
1508846522;p1p1;0.00;0.00;0.00;0;0;0.00;0.00;0.00;0;0;0.00;0.00;0;0
1508846523;p1p1;0.00;479.04;479.04;240;0;0.00;7.98;7.98;4;0;0.00;0.00;0;0
1508846523;p1p1;0.00;120.00;120.00;60;0;0.00;2.00;2.00;1;0;0.00;0.00;0;0
1508846524;p1p1;0.00;119.76;119.76;60;0;0.00;2.00;2.00;1;0;0.00;0.00;0;0
1508846524;p1p1;0.00;0.00;0.00;0;0;0.00;0.00;0.00;0;0;0.00;0.00;0;0
1508846525;p1p1;0.00;119.76;119.76;60;0;0.00;2.00;2.00;1;0;0.00;0.00;0;0
1508846525;p1p1;0.00;0.00;0.00;0;0;0.00;0.00;0.00;0;0;0.00;0.00;0;0
1508846526;p1p1;0.00;0.00;0.00;0;0;0.00;0.00;0.00;0;0;0.00;0.00;0;0
1508846526;p1p1;0.00;120.00;120.00;60;0;0.00;2.00;2.00;1;0;0.00;0.00;0;0
1508846527;p1p1;0.00;0.00;0.00;0;0;0.00;0.00;0.00;0;0;0.00;0.00;0;0
1508846527;p1p1;0.00;0.00;0.00;0;0;0.00;0.00;0.00;0;0;0.00;0.00;0;0
1508846528;p1p1;107.78;119.76;227.54;60;54;2.00;2.00;3.99;1;1;0.00;0.00;0;0
1508846528;p1p1;0.00;120.00;120.00;60;0;0.00;2.00;2.00;1;0;0.00;0.00;0;0
1508846529;p1p1;0.00;0.00;0.00;0;0;0.00;0.00;0.00;0;0;0.00;0.00;0;0
1508846529;p1p1;0.00;0.00;0.00;0;0;0.00;0.00;0.00;0;0;0.00;0.00;0;0
1508846530;p1p1;0.00;0.00;0.00;0;0;0.00;0.00;0.00;0;0;0.00;0.00;0;0
1508846530;p1p1;31476.00;2608250.00;2639726.00;1304125;15738;466.00;1746.00;2212.00;873;233;0.00;0.00;0;0
1508846531;p1p1;0.00;119.76;119.76;60;0;0.00;2.00;2.00;1;0;0.00;0.00;0;0
1508846531;p1p1;0.00;0.00;0.00;0;0;0.00;0.00;0.00;0;0;0.00;0.00;0;0
1508846532;p1p1;0.00;119.76;119.76;60;0;0.00;2.00;2.00;1;0;0.00;0.00;0;0
1508846532;p1p1;0.00;240.00;240.00;120;0;0.00;4.00;4.00;2;0;0.00;0.00;0;0
1508846533;p1p1;0.00;1512.97;1512.97;758;0;0.00;5.99;5.99;3;0;0.00;0.00;0;0
1508846533;p1p1;0.00;120.00;120.00;60;0;0.00;2.00;2.00;1;0;0.00;0.00;0;0
1508846534;p1p1;0.00;0.00;0.00;0;0;0.00;0.00;0.00;0;0;0.00;0.00;0;0
1508846534;p1p1;0.00;0.00;0.00;0;0;0.00;0.00;0.00;0;0;0.00;0.00;0;0
1508846535;p1p1;0.00;0.00;0.00;0;0;0.00;0.00;0.00;0;0;0.00;0.00;0;0
1508846535;p1p1;0.00;0.00;0.00;0;0;0.00;0.00;0.00;0;0;0.00;0.00;0;0
1508846536;p1p1;0.00;0.00;0.00;0;0;0.00;0.00;0.00;0;0;0.00;0.00;0;0
1508846536;p1p1;0.00;0.00;0.00;0;0;0.00;0.00;0.00;0;0;0.00;0.00;0;0
1508846537;p1p1;0.00;119.76;119.76;60;0;0.00;2.00;2.00;1;0;0.00;0.00;0;0
1508846537;p1p1;0.00;0.00;0.00;0;0;0.00;0.00;0.00;0;0;0.00;0.00;0;0
1508846538;p1p1;0.00;0.00;0.00;0;0;0.00;0.00;0.00;0;0;0.00;0.00;0;0
1508846538;p1p1;0.00;0.00;0.00;0;0;0.00;0.00;0.00;0;0;0.00;0.00;0;0
1508846539;p1p1;0.00;0.00;0.00;0;0;0.00;0.00;0.00;0;0;0.00;0.00;0;0
1508846539;p1p1;0.00;0.00;0.00;0;0;0.00;0.00;0.00;0;0;0.00;0.00;0;0
1508846540;p1p1;0.00;0.00;0.00;0;0;0.00;0.00;0.00;0;0;0.00;0.00;0;0
1508846540;p1p1;32268.00;2649962.00;2682230.00;1324981;16134;478.00;1780.00;2258.00;890;239;0.00;0.00;0;0
1508846541;p1p1;0.00;0.00;0.00;0;0;0.00;0.00;0.00;0;0;0.00;0.00;0;0
1508846541;p1p1;0.00;120.00;120.00;60;0;0.00;2.00;2.00;1;0;0.00;0.00;0;0
1508846542;p1p1;0.00;1153.69;1153.69;578;0;0.00;9.98;9.98;5;0;0.00;0.00;0;0
1508846542;p1p1;0.00;120.00;120.00;60;0;0.00;2.00;2.00;1;0;0.00;0.00;0;0
1508846543;p1p1;0.00;0.00;0.00;0;0;0.00;0.00;0.00;0;0;0.00;0.00;0;0
1508846543;p1p1;0.00;120.00;120.00;60;0;0.00;2.00;2.00;1;0;0.00;0.00;0;0
1508846544;p1p1;0.00;0.00;0.00;0;0;0.00;0.00;0.00;0;0;0.00;0.00;0;0
1508846544;p1p1;0.00;120.00;120.00;60;0;0.00;2.00;2.00;1;0;0.00;0.00;0;0
1508846545;p1p1;0.00;0.00;0.00;0;0;0.00;0.00;0.00;0;0;0.00;0.00;0;0
1508846545;p1p1;84.00;240.00;324.00;120;42;2.00;4.00;6.00;2;1;0.00;0.00;0;0
1508846546;p1p1;0.00;119.76;119.76;60;0;0.00;2.00;2.00;1;0;0.00;0.00;0;0
1508846546;p1p1;0.00;0.00;0.00;0;0;0.00;0.00;0.00;0;0;0.00;0.00;0;0
1508846547;p1p1;0.00;119.76;119.76;60;0;0.00;2.00;2.00;1;0;0.00;0.00;0;0
1508846547;p1p1;0.00;0.00;0.00;0;0;0.00;0.00;0.00;0;0;0.00;0.00;0;0
1508846548;p1p1;0.00;119.76;119.76;60;0;0.00;2.00;2.00;1;0;0.00;0.00;0;0
1508846548;p1p1;0.00;120.00;120.00;60;0;0.00;2.00;2.00;1;0;0.00;0.00;0;0
1508846549;p1p1;0.00;119.76;119.76;60;0;0.00;2.00;2.00;1;0;0.00;0.00;0;0
1508846549;p1p1;0.00;0.00;0.00;0;0;0.00;0.00;0.00;0;0;0.00;0.00;0;0
1508846550;p1p1;0.00;0.00;0.00;0;0;0.00;0.00;0.00;0;0;0.00;0.00;0;0
1508846550;p1p1;35172.00;2886858.00;2922030.00;1443429;17586;522.00;1928.00;2450.00;964;261;0.00;0.00;0;0
1508846551;p1p1;0.00;0.00;0.00;0;0;0.00;0.00;0.00;0;0;0.00;0.00;0;0
1508846551;p1p1;0.00;0.00;0.00;0;0;0.00;0.00;0.00;0;0;0.00;0.00;0;0
1508846552;p1p1;0.00;0.00;0.00;0;0;0.00;0.00;0.00;0;0;0.00;0.00;0;0
1508846552;p1p1;0.00;120.00;120.00;60;0;0.00;2.00;2.00;1;0;0.00;0.00;0;0
1508846553;p1p1;0.00;0.00;0.00;0;0;0.00;0.00;0.00;0;0;0.00;0.00;0;0
1508846553;p1p1;0.00;120.00;120.00;60;0;0.00;2.00;2.00;1;0;0.00;0.00;0;0
1508846554;p1p1;0.00;119.76;119.76;60;0;0.00;2.00;2.00;1;0;0.00;0.00;0;0
1508846554;p1p1;0.00;120.00;120.00;60;0;0.00;2.00;2.00;1;0;0.00;0.00;0;0
1508846555;p1p1;0.00;119.76;119.76;60;0;0.00;2.00;2.00;1;0;0.00;0.00;0;0
1508846555;p1p1;0.00;120.00;120.00;60;0;0.00;2.00;2.00;1;0;0.00;0.00;0;0
1508846556;p1p1;0.00;0.00;0.00;0;0;0.00;0.00;0.00;0;0;0.00;0.00;0;0
1508846556;p1p1;0.00;0.00;0.00;0;0;0.00;0.00;0.00;0;0;0.00;0.00;0;0
1508846557;p1p1;0.00;0.00;0.00;0;0;0.00;0.00;0.00;0;0;0.00;0.00;0;0
1508846557;p1p1;0.00;0.00;0.00;0;0;0.00;0.00;0.00;0;0;0.00;0.00;0;0
1508846558;p1p1;0.00;119.76;119.76;60;0;0.00;2.00;2.00;1;0;0.00;0.00;0;0
1508846558;p1p1;0.00;0.00;0.00;0;0;0.00;0.00;0.00;0;0;0.00;0.00;0;0
1508846559;p1p1;0.00;0.00;0.00;0;0;0.00;0.00;0.00;0;0;0.00;0.00;0;0
1508846559;p1p1;0.00;0.00;0.00;0;0;0.00;0.00;0.00;0;0;0.00;0.00;0;0
1508846560;p1p1;0.00;0.00;0.00;0;0;0.00;0.00;0.00;0;0;0.00;0.00;0;0
1508846560;p1p1;37548.00;3089218.00;3126766.00;1544609;18774;558.00;2066.00;2624.00;1033;279;0.00;0.00;0;0
1508846561;p1p1;0.00;0.00;0.00;0;0;0.00;0.00;0.00;0;0;0.00;0.00;0;0
1508846561;p1p1;0.00;0.00;0.00;0;0;0.00;0.00;0.00;0;0;0.00;0.00;0;0
1508846562;p1p1;0.00;0.00;0.00;0;0;0.00;0.00;0.00;0;0;0.00;0.00;0;0
1508846562;p1p1;0.00;0.00;0.00;0;0;0.00;0.00;0.00;0;0;0.00;0.00;0;0
1508846563;p1p1;0.00;1512.97;1512.97;758;0;0.00;5.99;5.99;3;0;0.00;0.00;0;0
1508846563;p1p1;0.00;120.00;120.00;60;0;0.00;2.00;2.00;1;0;0.00;0.00;0;0
1508846564;p1p1;0.00;0.00;0.00;0;0;0.00;0.00;0.00;0;0;0.00;0.00;0;0
1508846564;p1p1;0.00;0.00;0.00;0;0;0.00;0.00;0.00;0;0;0.00;0.00;0;0
1508846565;p1p1;0.00;0.00;0.00;0;0;0.00;0.00;0.00;0;0;0.00;0.00;0;0
1508846565;p1p1;0.00;0.00;0.00;0;0;0.00;0.00;0.00;0;0;0.00;0.00;0;0
1508846566;p1p1;0.00;0.00;0.00;0;0;0.00;0.00;0.00;0;0;0.00;0.00;0;0
1508846566;p1p1;0.00;736.00;736.00;368;0;0.00;8.00;8.00;4;0;0.00;0.00;0;0
1508846567;p1p1;0.00;0.00;0.00;0;0;0.00;0.00;0.00;0;0;0.00;0.00;0;0
1508846567;p1p1;0.00;1206.00;1206.00;603;0;0.00;10.00;10.00;5;0;0.00;0.00;0;0
1508846568;p1p1;0.00;0.00;0.00;0;0;0.00;0.00;0.00;0;0;0.00;0.00;0;0
1508846568;p1p1;0.00;0.00;0.00;0;0;0.00;0.00;0.00;0;0;0.00;0.00;0;0
1508846569;p1p1;0.00;119.76;119.76;60;0;0.00;2.00;2.00;1;0;0.00;0.00;0;0
1508846569;p1p1;0.00;736.00;736.00;368;0;0.00;8.00;8.00;4;0;0.00;0.00;0;0
1508846570;p1p1;0.00;119.76;119.76;60;0;0.00;2.00;2.00;1;0;0.00;0.00;0;0
1508846570;p1p1;30420.00;2529254.00;2559674.00;1264627;15210;450.00;1694.00;2144.00;847;225;0.00;0.00;0;0
1508846571;p1p1;0.00;239.52;239.52;120;0;0.00;3.99;3.99;2;0;0.00;0.00;0;0
1508846571;p1p1;0.00;120.00;120.00;60;0;0.00;2.00;2.00;1;0;0.00;0.00;0;0
1508846572;p1p1;0.00;914.17;914.17;458;0;0.00;5.99;5.99;3;0;0.00;0.00;0;0
1508846572;p1p1;0.00;120.00;120.00;60;0;0.00;2.00;2.00;1;0;0.00;0.00;0;0
1508846573;p1p1;0.00;119.76;119.76;60;0;0.00;2.00;2.00;1;0;0.00;0.00;0;0
1508846573;p1p1;0.00;0.00;0.00;0;0;0.00;0.00;0.00;0;0;0.00;0.00;0;0
1508846574;p1p1;0.00;119.76;119.76;60;0;0.00;2.00;2.00;1;0;0.00;0.00;0;0
1508846574;p1p1;0.00;0.00;0.00;0;0;0.00;0.00;0.00;0;0;0.00;0.00;0;0
1508846575;p1p1;0.00;119.76;119.76;60;0;0.00;2.00;2.00;1;0;0.00;0.00;0;0
1508846575;p1p1;84.00;120.00;204.00;60;42;2.00;2.00;4.00;1;1;0.00;0.00;0;0
1508846576;p1p1;0.00;0.00;0.00;0;0;0.00;0.00;0.00;0;0;0.00;0.00;0;0
1508846576;p1p1;0.00;120.00;120.00;60;0;0.00;2.00;2.00;1;0;0.00;0.00;0;0
1508846577;p1p1;0.00;0.00;0.00;0;0;0.00;0.00;0.00;0;0;0.00;0.00;0;0
1508846577;p1p1;0.00;0.00;0.00;0;0;0.00;0.00;0.00;0;0;0.00;0.00;0;0
1508846578;p1p1;0.00;504.99;504.99;253;0;0.00;2.00;2.00;1;0;0.00;0.00;0;0
1508846578;p1p1;0.00;0.00;0.00;0;0;0.00;0.00;0.00;0;0;0.00;0.00;0;0
1508846579;p1p1;0.00;119.76;119.76;60;0;0.00;2.00;2.00;1;0;0.00;0.00;0;0
1508846579;p1p1;0.00;0.00;0.00;0;0;0.00;0.00;0.00;0;0;0.00;0.00;0;0
1508846580;p1p1;0.00;119.76;119.76;60;0;0.00;2.00;2.00;1;0;0.00;0.00;0;0
1508846580;p1p1;25272.00;2069896.00;2095168.00;1034948;12636;372.00;1394.00;1766.00;697;186;0.00;0.00;0;0
1508846581;p1p1;0.00;119.76;119.76;60;0;0.00;2.00;2.00;1;0;0.00;0.00;0;0
1508846581;p1p1;0.00;0.00;0.00;0;0;0.00;0.00;0.00;0;0;0.00;0.00;0;0
1508846582;p1p1;0.00;0.00;0.00;0;0;0.00;0.00;0.00;0;0;0.00;0.00;0;0
1508846582;p1p1;0.00;0.00;0.00;0;0;0.00;0.00;0.00;0;0;0.00;0.00;0;0
1508846583;p1p1;0.00;0.00;0.00;0;0;0.00;0.00;0.00;0;0;0.00;0.00;0;0
1508846583;p1p1;0.00;0.00;0.00;0;0;0.00;0.00;0.00;0;0;0.00;0.00;0;0
1508846584;p1p1;0.00;0.00;0.00;0;0;0.00;0.00;0.00;0;0;0.00;0.00;0;0
1508846584;p1p1;0.00;0.00;0.00;0;0;0.00;0.00;0.00;0;0;0.00;0.00;0;0
1508846585;p1p1;0.00;119.76;119.76;60;0;0.00;2.00;2.00;1;0;0.00;0.00;0;0
1508846585;p1p1;0.00;0.00;0.00;0;0;0.00;0.00;0.00;0;0;0.00;0.00;0;0
1508846586;p1p1;0.00;0.00;0.00;0;0;0.00;0.00;0.00;0;0;0.00;0.00;0;0
1508846586;p1p1;0.00;0.00;0.00;0;0;0.00;0.00;0.00;0;0;0.00;0.00;0;0
1508846587;p1p1;0.00;119.76;119.76;60;0;0.00;2.00;2.00;1;0;0.00;0.00;0;0
1508846587;p1p1;0.00;0.00;0.00;0;0;0.00;0.00;0.00;0;0;0.00;0.00;0;0
1508846588;p1p1;0.00;0.00;0.00;0;0;0.00;0.00;0.00;0;0;0.00;0.00;0;0
1508846588;p1p1;0.00;120.00;120.00;60;0;0.00;2.00;2.00;1;0;0.00;0.00;0;0
1508846589;p1p1;0.00;0.00;0.00;0;0;0.00;0.00;0.00;0;0;0.00;0.00;0;0
1508846589;p1p1;0.00;0.00;0.00;0;0;0.00;0.00;0.00;0;0;0.00;0.00;0;0
1508846590;p1p1;0.00;542.91;542.91;272;0;0.00;3.99;3.99;2;0;0.00;0.00;0;0
1508846590;p1p1;36360.00;2982958.00;3019318.00;1491479;18180;536.00;1994.00;2530.00;997;268;0.00;0.00;0;0
1508846591;p1p1;0.00;119.76;119.76;60;0;0.00;2.00;2.00;1;0;0.00;0.00;0;0
1508846591;p1p1;0.00;120.00;120.00;60;0;0.00;2.00;2.00;1;0;0.00;0.00;0;0
1508846592;p1p1;0.00;119.76;119.76;60;0;0.00;2.00;2.00;1;0;0.00;0.00;0;0
1508846592;p1p1;0.00;1056.00;1056.00;528;0;0.00;4.00;4.00;2;0;0.00;0.00;0;0
1508846593;p1p1;0.00;578.84;578.84;290;0;0.00;3.99;3.99;2;0;0.00;0.00;0;0
1508846593;p1p1;0.00;0.00;0.00;0;0;0.00;0.00;0.00;0;0;0.00;0.00;0;0
1508846594;p1p1;0.00;239.52;239.52;120;0;0.00;3.99;3.99;2;0;0.00;0.00;0;0
1508846594;p1p1;0.00;0.00;0.00;0;0;0.00;0.00;0.00;0;0;0.00;0.00;0;0
1508846595;p1p1;0.00;0.00;0.00;0;0;0.00;0.00;0.00;0;0;0.00;0.00;0;0
1508846595;p1p1;0.00;736.00;736.00;368;0;0.00;8.00;8.00;4;0;0.00;0.00;0;0
1508846596;p1p1;0.00;119.76;119.76;60;0;0.00;2.00;2.00;1;0;0.00;0.00;0;0
1508846596;p1p1;0.00;736.00;736.00;368;0;0.00;8.00;8.00;4;0;0.00;0.00;0;0
1508846597;p1p1;0.00;119.76;119.76;60;0;0.00;2.00;2.00;1;0;0.00;0.00;0;0
1508846597;p1p1;0.00;0.00;0.00;0;0;0.00;0.00;0.00;0;0;0.00;0.00;0;0
1508846598;p1p1;0.00;239.52;239.52;120;0;0.00;3.99;3.99;2;0;0.00;0.00;0;0
1508846598;p1p1;0.00;856.00;856.00;428;0;0.00;10.00;10.00;5;0;0.00;0.00;0;0
1508846599;p1p1;0.00;119.76;119.76;60;0;0.00;2.00;2.00;1;0;0.00;0.00;0;0
1508846599;p1p1;0.00;0.00;0.00;0;0;0.00;0.00;0.00;0;0;0.00;0.00;0;0
1508846600;p1p1;0.00;119.76;119.76;60;0;0.00;2.00;2.00;1;0;0.00;0.00;0;0
1508846600;p1p1;29496.00;2321130.00;2350626.00;1160565;14748;436.00;1560.00;1996.00;780;218;0.00;0.00;0;0
1508846601;p1p1;0.00;239.52;239.52;120;0;0.00;3.99;3.99;2;0;0.00;0.00;0;0
1508846601;p1p1;0.00;0.00;0.00;0;0;0.00;0.00;0.00;0;0;0.00;0.00;0;0
1508846602;p1p1;0.00;794.41;794.41;398;0;0.00;3.99;3.99;2;0;0.00;0.00;0;0
1508846602;p1p1;0.00;120.00;120.00;60;0;0.00;2.00;2.00;1;0;0.00;0.00;0;0
1508846603;p1p1;0.00;0.00;0.00;0;0;0.00;0.00;0.00;0;0;0.00;0.00;0;0
1508846603;p1p1;0.00;120.00;120.00;60;0;0.00;2.00;2.00;1;0;0.00;0.00;0;0
1508846604;p1p1;0.00;0.00;0.00;0;0;0.00;0.00;0.00;0;0;0.00;0.00;0;0
1508846604;p1p1;0.00;120.00;120.00;60;0;0.00;2.00;2.00;1;0;0.00;0.00;0;0
1508846605;p1p1;0.00;0.00;0.00;0;0;0.00;0.00;0.00;0;0;0.00;0.00;0;0
1508846605;p1p1;84.00;120.00;204.00;60;42;2.00;2.00;4.00;1;1;0.00;0.00;0;0
1508846606;p1p1;0.00;239.52;239.52;120;0;0.00;3.99;3.99;2;0;0.00;0.00;0;0
1508846606;p1p1;0.00;0.00;0.00;0;0;0.00;0.00;0.00;0;0;0.00;0.00;0;0
1508846607;p1p1;0.00;0.00;0.00;0;0;0.00;0.00;0.00;0;0;0.00;0.00;0;0
1508846607;p1p1;0.00;120.00;120.00;60;0;0.00;2.00;2.00;1;0;0.00;0.00;0;0
1508846608;p1p1;0.00;0.00;0.00;0;0;0.00;0.00;0.00;0;0;0.00;0.00;0;0
1508846608;p1p1;0.00;120.00;120.00;60;0;0.00;2.00;2.00;1;0;0.00;0.00;0;0
1508846609;p1p1;0.00;119.76;119.76;60;0;0.00;2.00;2.00;1;0;0.00;0.00;0;0
1508846609;p1p1;0.00;0.00;0.00;0;0;0.00;0.00;0.00;0;0;0.00;0.00;0;0
1508846610;p1p1;0.00;0.00;0.00;0;0;0.00;0.00;0.00;0;0;0.00;0.00;0;0
1508846610;p1p1;31080.00;2502874.00;2533954.00;1251437;15540;460.00;1676.00;2136.00;838;230;0.00;0.00;0;0
1508846611;p1p1;0.00;0.00;0.00;0;0;0.00;0.00;0.00;0;0;0.00;0.00;0;0
1508846611;p1p1;0.00;120.00;120.00;60;0;0.00;2.00;2.00;1;0;0.00;0.00;0;0
1508846612;p1p1;0.00;0.00;0.00;0;0;0.00;0.00;0.00;0;0;0.00;0.00;0;0
1508846612;p1p1;0.00;120.00;120.00;60;0;0.00;2.00;2.00;1;0;0.00;0.00;0;0
1508846613;p1p1;0.00;0.00;0.00;0;0;0.00;0.00;0.00;0;0;0.00;0.00;0;0
1508846613;p1p1;0.00;120.00;120.00;60;0;0.00;2.00;2.00;1;0;0.00;0.00;0;0
1508846614;p1p1;0.00;0.00;0.00;0;0;0.00;0.00;0.00;0;0;0.00;0.00;0;0
1508846614;p1p1;0.00;120.00;120.00;60;0;0.00;2.00;2.00;1;0;0.00;0.00;0;0
1508846615;p1p1;0.00;0.00;0.00;0;0;0.00;0.00;0.00;0;0;0.00;0.00;0;0
1508846615;p1p1;0.00;0.00;0.00;0;0;0.00;0.00;0.00;0;0;0.00;0.00;0;0
1508846616;p1p1;0.00;0.00;0.00;0;0;0.00;0.00;0.00;0;0;0.00;0.00;0;0
1508846616;p1p1;0.00;0.00;0.00;0;0;0.00;0.00;0.00;0;0;0.00;0.00;0;0
1508846617;p1p1;0.00;0.00;0.00;0;0;0.00;0.00;0.00;0;0;0.00;0.00;0;0
1508846617;p1p1;0.00;0.00;0.00;0;0;0.00;0.00;0.00;0;0;0.00;0.00;0;0
1508846618;p1p1;0.00;0.00;0.00;0;0;0.00;0.00;0.00;0;0;0.00;0.00;0;0
1508846618;p1p1;0.00;0.00;0.00;0;0;0.00;0.00;0.00;0;0;0.00;0.00;0;0
1508846619;p1p1;0.00;0.00;0.00;0;0;0.00;0.00;0.00;0;0;0.00;0.00;0;0
1508846619;p1p1;0.00;0.00;0.00;0;0;0.00;0.00;0.00;0;0;0.00;0.00;0;0
1508846620;p1p1;0.00;0.00;0.00;0;0;0.00;0.00;0.00;0;0;0.00;0.00;0;0
1508846620;p1p1;31080.00;2642426.00;2673506.00;1321213;15540;460.00;1768.00;2228.00;884;230;0.00;0.00;0;0
1508846621;p1p1;0.00;0.00;0.00;0;0;0.00;0.00;0.00;0;0;0.00;0.00;0;0
1508846621;p1p1;0.00;0.00;0.00;0;0;0.00;0.00;0.00;0;0;0.00;0.00;0;0
1508846622;p1p1;0.00;0.00;0.00;0;0;0.00;0.00;0.00;0;0;0.00;0.00;0;0
1508846622;p1p1;0.00;1056.00;1056.00;528;0;0.00;4.00;4.00;2;0;0.00;0.00;0;0
1508846623;p1p1;0.00;459.08;459.08;230;0;0.00;2.00;2.00;1;0;0.00;0.00;0;0
1508846623;p1p1;0.00;0.00;0.00;0;0;0.00;0.00;0.00;0;0;0.00;0.00;0;0
1508846624;p1p1;0.00;0.00;0.00;0;0;0.00;0.00;0.00;0;0;0.00;0.00;0;0
1508846624;p1p1;0.00;120.00;120.00;60;0;0.00;2.00;2.00;1;0;0.00;0.00;0;0
1508846625;p1p1;0.00;0.00;0.00;0;0;0.00;0.00;0.00;0;0;0.00;0.00;0;0
1508846625;p1p1;0.00;120.00;120.00;60;0;0.00;2.00;2.00;1;0;0.00;0.00;0;0
1508846626;p1p1;0.00;0.00;0.00;0;0;0.00;0.00;0.00;0;0;0.00;0.00;0;0
1508846626;p1p1;0.00;0.00;0.00;0;0;0.00;0.00;0.00;0;0;0.00;0.00;0;0
1508846627;p1p1;0.00;119.76;119.76;60;0;0.00;2.00;2.00;1;0;0.00;0.00;0;0
1508846627;p1p1;0.00;470.00;470.00;235;0;0.00;2.00;2.00;1;0;0.00;0.00;0;0
1508846628;p1p1;0.00;119.76;119.76;60;0;0.00;2.00;2.00;1;0;0.00;0.00;0;0
1508846628;p1p1;0.00;0.00;0.00;0;0;0.00;0.00;0.00;0;0;0.00;0.00;0;0
1508846629;p1p1;0.00;239.52;239.52;120;0;0.00;3.99;3.99;2;0;0.00;0.00;0;0
1508846629;p1p1;0.00;0.00;0.00;0;0;0.00;0.00;0.00;0;0;0.00;0.00;0;0
1508846630;p1p1;0.00;119.76;119.76;60;0;0.00;2.00;2.00;1;0;0.00;0.00;0;0
1508846630;p1p1;44676.00;3740134.00;3784810.00;1870067;22338;666.00;2494.00;3160.00;1247;333;0.00;0.00;0;0
1508846631;p1p1;0.00;119.76;119.76;60;0;0.00;2.00;2.00;1;0;0.00;0.00;0;0
1508846631;p1p1;0.00;0.00;0.00;0;0;0.00;0.00;0.00;0;0;0.00;0.00;0;0
1508846632;p1p1;0.00;914.17;914.17;458;0;0.00;5.99;5.99;3;0;0.00;0.00;0;0
1508846632;p1p1;0.00;120.00;120.00;60;0;0.00;2.00;2.00;1;0;0.00;0.00;0;0
1508846633;p1p1;0.00;0.00;0.00;0;0;0.00;0.00;0.00;0;0;0.00;0.00;0;0
1508846633;p1p1;0.00;0.00;0.00;0;0;0.00;0.00;0.00;0;0;0.00;0.00;0;0
1508846634;p1p1;0.00;119.76;119.76;60;0;0.00;2.00;2.00;1;0;0.00;0.00;0;0
1508846634;p1p1;0.00;120.00;120.00;60;0;0.00;2.00;2.00;1;0;0.00;0.00;0;0
1508846635;p1p1;0.00;0.00;0.00;0;0;0.00;0.00;0.00;0;0;0.00;0.00;0;0
1508846635;p1p1;84.00;120.00;204.00;60;42;2.00;2.00;4.00;1;1;0.00;0.00;0;0
1508846636;p1p1;0.00;119.76;119.76;60;0;0.00;2.00;2.00;1;0;0.00;0.00;0;0
1508846636;p1p1;0.00;0.00;0.00;0;0;0.00;0.00;0.00;0;0;0.00;0.00;0;0
1508846637;p1p1;0.00;119.76;119.76;60;0;0.00;2.00;2.00;1;0;0.00;0.00;0;0
1508846637;p1p1;0.00;0.00;0.00;0;0;0.00;0.00;0.00;0;0;0.00;0.00;0;0
1508846638;p1p1;0.00;119.76;119.76;60;0;0.00;2.00;2.00;1;0;0.00;0.00;0;0
1508846638;p1p1;0.00;0.00;0.00;0;0;0.00;0.00;0.00;0;0;0.00;0.00;0;0
1508846639;p1p1;0.00;0.00;0.00;0;0;0.00;0.00;0.00;0;0;0.00;0.00;0;0
1508846639;p1p1;0.00;0.00;0.00;0;0;0.00;0.00;0.00;0;0;0.00;0.00;0;0
1508846640;p1p1;0.00;0.00;0.00;0;0;0.00;0.00;0.00;0;0;0.00;0.00;0;0
1508846640;p1p1;28176.00;2276274.00;2304450.00;1138137;14088;416.00;1530.00;1946.00;765;208;0.00;0.00;0;0
1508846641;p1p1;0.00;0.00;0.00;0;0;0.00;0.00;0.00;0;0;0.00;0.00;0;0
1508846641;p1p1;0.00;0.00;0.00;0;0;0.00;0.00;0.00;0;0;0.00;0.00;0;0
1508846642;p1p1;0.00;0.00;0.00;0;0;0.00;0.00;0.00;0;0;0.00;0.00;0;0
1508846642;p1p1;0.00;0.00;0.00;0;0;0.00;0.00;0.00;0;0;0.00;0.00;0;0
1508846643;p1p1;0.00;734.53;734.53;368;0;0.00;7.98;7.98;4;0;0.00;0.00;0;0
1508846643;p1p1;0.00;120.00;120.00;60;0;0.00;2.00;2.00;1;0;0.00;0.00;0;0
1508846644;p1p1;0.00;734.53;734.53;368;0;0.00;7.98;7.98;4;0;0.00;0.00;0;0
1508846644;p1p1;0.00;0.00;0.00;0;0;0.00;0.00;0.00;0;0;0.00;0.00;0;0
1508846645;p1p1;0.00;0.00;0.00;0;0;0.00;0.00;0.00;0;0;0.00;0.00;0;0
1508846645;p1p1;0.00;0.00;0.00;0;0;0.00;0.00;0.00;0;0;0.00;0.00;0;0
1508846646;p1p1;0.00;734.53;734.53;368;0;0.00;7.98;7.98;4;0;0.00;0.00;0;0
1508846646;p1p1;0.00;0.00;0.00;0;0;0.00;0.00;0.00;0;0;0.00;0.00;0;0
1508846647;p1p1;0.00;119.76;119.76;60;0;0.00;2.00;2.00;1;0;0.00;0.00;0;0
1508846647;p1p1;0.00;0.00;0.00;0;0;0.00;0.00;0.00;0;0;0.00;0.00;0;0
1508846648;p1p1;0.00;0.00;0.00;0;0;0.00;0.00;0.00;0;0;0.00;0.00;0;0
1508846648;p1p1;0.00;0.00;0.00;0;0;0.00;0.00;0.00;0;0;0.00;0.00;0;0
1508846649;p1p1;0.00;0.00;0.00;0;0;0.00;0.00;0.00;0;0;0.00;0.00;0;0
1508846649;p1p1;0.00;0.00;0.00;0;0;0.00;0.00;0.00;0;0;0.00;0.00;0;0
1508846650;p1p1;0.00;239.52;239.52;120;0;0.00;3.99;3.99;2;0;0.00;0.00;0;0
1508846650;p1p1;26196.00;2087852.00;2114048.00;1043926;13098;386.00;1404.00;1790.00;702;193;0.00;0.00;0;0
1508846651;p1p1;0.00;0.00;0.00;0;0;0.00;0.00;0.00;0;0;0.00;0.00;0;0
1508846651;p1p1;0.00;352.00;352.00;176;0;0.00;4.00;4.00;2;0;0.00;0.00;0;0
1508846652;p1p1;0.00;119.76;119.76;60;0;0.00;2.00;2.00;1;0;0.00;0.00;0;0
1508846652;p1p1;0.00;1528.00;1528.00;764;0;0.00;10.00;10.00;5;0;0.00;0.00;0;0
1508846653;p1p1;0.00;578.84;578.84;290;0;0.00;3.99;3.99;2;0;0.00;0.00;0;0
1508846653;p1p1;0.00;0.00;0.00;0;0;0.00;0.00;0.00;0;0;0.00;0.00;0;0
1508846654;p1p1;0.00;119.76;119.76;60;0;0.00;2.00;2.00;1;0;0.00;0.00;0;0
1508846654;p1p1;0.00;352.00;352.00;176;0;0.00;4.00;4.00;2;0;0.00;0.00;0;0
1508846655;p1p1;0.00;0.00;0.00;0;0;0.00;0.00;0.00;0;0;0.00;0.00;0;0
1508846655;p1p1;0.00;0.00;0.00;0;0;0.00;0.00;0.00;0;0;0.00;0.00;0;0
1508846656;p1p1;0.00;119.76;119.76;60;0;0.00;2.00;2.00;1;0;0.00;0.00;0;0
1508846656;p1p1;0.00;120.00;120.00;60;0;0.00;2.00;2.00;1;0;0.00;0.00;0;0
1508846657;p1p1;0.00;119.76;119.76;60;0;0.00;2.00;2.00;1;0;0.00;0.00;0;0
1508846657;p1p1;0.00;0.00;0.00;0;0;0.00;0.00;0.00;0;0;0.00;0.00;0;0
1508846658;p1p1;0.00;119.76;119.76;60;0;0.00;2.00;2.00;1;0;0.00;0.00;0;0
1508846658;p1p1;0.00;0.00;0.00;0;0;0.00;0.00;0.00;0;0;0.00;0.00;0;0
1508846659;p1p1;0.00;119.76;119.76;60;0;0.00;2.00;2.00;1;0;0.00;0.00;0;0
1508846659;p1p1;0.00;0.00;0.00;0;0;0.00;0.00;0.00;0;0;0.00;0.00;0;0
1508846660;p1p1;0.00;0.00;0.00;0;0;0.00;0.00;0.00;0;0;0.00;0.00;0;0
1508846660;p1p1;29760.00;2464066.00;2493826.00;1232033;14880;440.00;1652.00;2092.00;826;220;0.00;0.00;0;0
1508846661;p1p1;0.00;119.76;119.76;60;0;0.00;2.00;2.00;1;0;0.00;0.00;0;0
1508846661;p1p1;0.00;0.00;0.00;0;0;0.00;0.00;0.00;0;0;0.00;0.00;0;0
1508846662;p1p1;0.00;1033.93;1033.93;518;0;0.00;7.98;7.98;4;0;0.00;0.00;0;0
1508846662;p1p1;0.00;120.00;120.00;60;0;0.00;2.00;2.00;1;0;0.00;0.00;0;0
1508846663;p1p1;0.00;0.00;0.00;0;0;0.00;0.00;0.00;0;0;0.00;0.00;0;0
1508846663;p1p1;0.00;120.00;120.00;60;0;0.00;2.00;2.00;1;0;0.00;0.00;0;0
1508846664;p1p1;0.00;0.00;0.00;0;0;0.00;0.00;0.00;0;0;0.00;0.00;0;0
1508846664;p1p1;0.00;0.00;0.00;0;0;0.00;0.00;0.00;0;0;0.00;0.00;0;0
1508846665;p1p1;0.00;0.00;0.00;0;0;0.00;0.00;0.00;0;0;0.00;0.00;0;0
1508846665;p1p1;0.00;0.00;0.00;0;0;0.00;0.00;0.00;0;0;0.00;0.00;0;0
1508846666;p1p1;0.00;0.00;0.00;0;0;0.00;0.00;0.00;0;0;0.00;0.00;0;0
1508846666;p1p1;0.00;0.00;0.00;0;0;0.00;0.00;0.00;0;0;0.00;0.00;0;0
1508846667;p1p1;0.00;0.00;0.00;0;0;0.00;0.00;0.00;0;0;0.00;0.00;0;0
1508846667;p1p1;0.00;0.00;0.00;0;0;0.00;0.00;0.00;0;0;0.00;0.00;0;0
1508846668;p1p1;0.00;0.00;0.00;0;0;0.00;0.00;0.00;0;0;0.00;0.00;0;0
1508846668;p1p1;0.00;0.00;0.00;0;0;0.00;0.00;0.00;0;0;0.00;0.00;0;0
1508846669;p1p1;0.00;0.00;0.00;0;0;0.00;0.00;0.00;0;0;0.00;0.00;0;0
1508846669;p1p1;0.00;0.00;0.00;0;0;0.00;0.00;0.00;0;0;0.00;0.00;0;0
1508846670;p1p1;888.22;411.18;1299.40;206;445;7.98;5.99;13.97;3;4;0.00;0.00;0;0
1508846670;p1p1;34810.00;2876782.00;2911592.00;1438391;17405;522.00;1918.00;2440.00;959;261;0.00;0.00;0;0
1508846671;p1p1;0.00;0.00;0.00;0;0;0.00;0.00;0.00;0;0;0.00;0.00;0;0
1508846671;p1p1;0.00;0.00;0.00;0;0;0.00;0.00;0.00;0;0;0.00;0.00;0;0
1508846672;p1p1;0.00;0.00;0.00;0;0;0.00;0.00;0.00;0;0;0.00;0.00;0;0
1508846672;p1p1;0.00;0.00;0.00;0;0;0.00;0.00;0.00;0;0;0.00;0.00;0;0
1508846673;p1p1;0.00;119.76;119.76;60;0;0.00;2.00;2.00;1;0;0.00;0.00;0;0
1508846673;p1p1;0.00;120.00;120.00;60;0;0.00;2.00;2.00;1;0;0.00;0.00;0;0
1508846674;p1p1;0.00;0.00;0.00;0;0;0.00;0.00;0.00;0;0;0.00;0.00;0;0
1508846674;p1p1;0.00;120.00;120.00;60;0;0.00;2.00;2.00;1;0;0.00;0.00;0;0
1508846675;p1p1;0.00;119.76;119.76;60;0;0.00;2.00;2.00;1;0;0.00;0.00;0;0
1508846675;p1p1;84.00;120.00;204.00;60;42;2.00;2.00;4.00;1;1;0.00;0.00;0;0
1508846676;p1p1;0.00;0.00;0.00;0;0;0.00;0.00;0.00;0;0;0.00;0.00;0;0
1508846676;p1p1;0.00;0.00;0.00;0;0;0.00;0.00;0.00;0;0;0.00;0.00;0;0
1508846677;p1p1;0.00;0.00;0.00;0;0;0.00;0.00;0.00;0;0;0.00;0.00;0;0
1508846677;p1p1;0.00;0.00;0.00;0;0;0.00;0.00;0.00;0;0;0.00;0.00;0;0
1508846678;p1p1;0.00;119.76;119.76;60;0;0.00;2.00;2.00;1;0;0.00;0.00;0;0
1508846678;p1p1;0.00;0.00;0.00;0;0;0.00;0.00;0.00;0;0;0.00;0.00;0;0
1508846679;p1p1;0.00;119.76;119.76;60;0;0.00;2.00;2.00;1;0;0.00;0.00;0;0
1508846679;p1p1;0.00;120.00;120.00;60;0;0.00;2.00;2.00;1;0;0.00;0.00;0;0
1508846680;p1p1;1415.17;2193.61;3608.78;1099;709;15.97;11.98;27.94;6;8;0.00;0.00;0;0
1508846680;p1p1;32782.00;2829652.00;2862434.00;1414826;16391;488.00;1886.00;2374.00;943;244;0.00;0.00;0;0
1508846681;p1p1;0.00;0.00;0.00;0;0;0.00;0.00;0.00;0;0;0.00;0.00;0;0
1508846681;p1p1;0.00;0.00;0.00;0;0;0.00;0.00;0.00;0;0;0.00;0.00;0;0
1508846682;p1p1;0.00;239.52;239.52;120;0;0.00;3.99;3.99;2;0;0.00;0.00;0;0
1508846682;p1p1;0.00;1176.00;1176.00;588;0;0.00;6.00;6.00;3;0;0.00;0.00;0;0
1508846683;p1p1;0.00;459.08;459.08;230;0;0.00;2.00;2.00;1;0;0.00;0.00;0;0
1508846683;p1p1;0.00;120.00;120.00;60;0;0.00;2.00;2.00;1;0;0.00;0.00;0;0
1508846684;p1p1;0.00;0.00;0.00;0;0;0.00;0.00;0.00;0;0;0.00;0.00;0;0
1508846684;p1p1;0.00;0.00;0.00;0;0;0.00;0.00;0.00;0;0;0.00;0.00;0;0
1508846685;p1p1;0.00;0.00;0.00;0;0;0.00;0.00;0.00;0;0;0.00;0.00;0;0
1508846685;p1p1;0.00;120.00;120.00;60;0;0.00;2.00;2.00;1;0;0.00;0.00;0;0
1508846686;p1p1;0.00;119.76;119.76;60;0;0.00;2.00;2.00;1;0;0.00;0.00;0;0
1508846686;p1p1;0.00;0.00;0.00;0;0;0.00;0.00;0.00;0;0;0.00;0.00;0;0
1508846687;p1p1;0.00;119.76;119.76;60;0;0.00;2.00;2.00;1;0;0.00;0.00;0;0
1508846687;p1p1;0.00;470.00;470.00;235;0;0.00;2.00;2.00;1;0;0.00;0.00;0;0
1508846688;p1p1;0.00;119.76;119.76;60;0;0.00;2.00;2.00;1;0;0.00;0.00;0;0
1508846688;p1p1;0.00;120.00;120.00;60;0;0.00;2.00;2.00;1;0;0.00;0.00;0;0
1508846689;p1p1;0.00;0.00;0.00;0;0;0.00;0.00;0.00;0;0;0.00;0.00;0;0
1508846689;p1p1;0.00;240.00;240.00;120;0;0.00;4.00;4.00;2;0;0.00;0.00;0;0
1508846690;p1p1;1415.17;2193.61;3608.78;1099;709;15.97;11.98;27.94;6;8;0.00;0.00;0;0
1508846690;p1p1;29926.00;2552308.00;2582234.00;1276154;14963;448.00;1700.00;2148.00;850;224;0.00;0.00;0;0
1508846691;p1p1;0.00;119.76;119.76;60;0;0.00;2.00;2.00;1;0;0.00;0.00;0;0
1508846691;p1p1;0.00;736.00;736.00;368;0;0.00;8.00;8.00;4;0;0.00;0.00;0;0
1508846692;p1p1;0.00;1029.94;1029.94;516;0;0.00;5.99;5.99;3;0;0.00;0.00;0;0
1508846692;p1p1;0.00;736.00;736.00;368;0;0.00;8.00;8.00;4;0;0.00;0.00;0;0
1508846693;p1p1;0.00;0.00;0.00;0;0;0.00;0.00;0.00;0;0;0.00;0.00;0;0
1508846693;p1p1;0.00;0.00;0.00;0;0;0.00;0.00;0.00;0;0;0.00;0.00;0;0
1508846694;p1p1;0.00;0.00;0.00;0;0;0.00;0.00;0.00;0;0;0.00;0.00;0;0
1508846694;p1p1;0.00;736.00;736.00;368;0;0.00;8.00;8.00;4;0;0.00;0.00;0;0
1508846695;p1p1;0.00;0.00;0.00;0;0;0.00;0.00;0.00;0;0;0.00;0.00;0;0
1508846695;p1p1;0.00;0.00;0.00;0;0;0.00;0.00;0.00;0;0;0.00;0.00;0;0
1508846696;p1p1;0.00;0.00;0.00;0;0;0.00;0.00;0.00;0;0;0.00;0.00;0;0
1508846696;p1p1;0.00;0.00;0.00;0;0;0.00;0.00;0.00;0;0;0.00;0.00;0;0
1508846697;p1p1;0.00;0.00;0.00;0;0;0.00;0.00;0.00;0;0;0.00;0.00;0;0
1508846697;p1p1;0.00;0.00;0.00;0;0;0.00;0.00;0.00;0;0;0.00;0.00;0;0
1508846698;p1p1;0.00;0.00;0.00;0;0;0.00;0.00;0.00;0;0;0.00;0.00;0;0
1508846698;p1p1;0.00;0.00;0.00;0;0;0.00;0.00;0.00;0;0;0.00;0.00;0;0
1508846699;p1p1;0.00;0.00;0.00;0;0;0.00;0.00;0.00;0;0;0.00;0.00;0;0
1508846699;p1p1;0.00;0.00;0.00;0;0;0.00;0.00;0.00;0;0;0.00;0.00;0;0
1508846700;p1p1;1415.17;2193.61;3608.78;1099;709;15.97;11.98;27.94;6;8;0.00;0.00;0;0
1508846700;p1p1;35470.00;3093932.00;3129402.00;1546966;17735;532.00;2056.00;2588.00;1028;266;0.00;0.00;0;0
1508846701;p1p1;0.00;0.00;0.00;0;0;0.00;0.00;0.00;0;0;0.00;0.00;0;0
1508846701;p1p1;0.00;120.00;120.00;60;0;0.00;2.00;2.00;1;0;0.00;0.00;0;0
1508846702;p1p1;0.00;0.00;0.00;0;0;0.00;0.00;0.00;0;0;0.00;0.00;0;0
1508846702;p1p1;0.00;0.00;0.00;0;0;0.00;0.00;0.00;0;0;0.00;0.00;0;0
1508846703;p1p1;0.00;0.00;0.00;0;0;0.00;0.00;0.00;0;0;0.00;0.00;0;0
1508846703;p1p1;0.00;0.00;0.00;0;0;0.00;0.00;0.00;0;0;0.00;0.00;0;0
1508846704;p1p1;0.00;0.00;0.00;0;0;0.00;0.00;0.00;0;0;0.00;0.00;0;0
1508846704;p1p1;0.00;0.00;0.00;0;0;0.00;0.00;0.00;0;0;0.00;0.00;0;0
1508846705;p1p1;0.00;0.00;0.00;0;0;0.00;0.00;0.00;0;0;0.00;0.00;0;0
1508846705;p1p1;0.00;0.00;0.00;0;0;0.00;0.00;0.00;0;0;0.00;0.00;0;0
1508846706;p1p1;0.00;0.00;0.00;0;0;0.00;0.00;0.00;0;0;0.00;0.00;0;0
1508846706;p1p1;0.00;0.00;0.00;0;0;0.00;0.00;0.00;0;0;0.00;0.00;0;0
1508846707;p1p1;0.00;0.00;0.00;0;0;0.00;0.00;0.00;0;0;0.00;0.00;0;0
1508846707;p1p1;0.00;0.00;0.00;0;0;0.00;0.00;0.00;0;0;0.00;0.00;0;0
1508846708;p1p1;0.00;0.00;0.00;0;0;0.00;0.00;0.00;0;0;0.00;0.00;0;0
1508846708;p1p1;0.00;0.00;0.00;0;0;0.00;0.00;0.00;0;0;0.00;0.00;0;0
1508846709;p1p1;0.00;0.00;0.00;0;0;0.00;0.00;0.00;0;0;0.00;0.00;0;0
1508846709;p1p1;0.00;0.00;0.00;0;0;0.00;0.00;0.00;0;0;0.00;0.00;0;0
1508846710;p1p1;1415.17;2313.37;3728.54;1159;709;15.97;13.97;29.94;7;8;0.00;0.00;0;0
1508846710;p1p1;23854.00;2042202.00;2066056.00;1021101;11927;356.00;1366.00;1722.00;683;178;0.00;0.00;0;0
1508846711;p1p1;0.00;0.00;0.00;0;0;0.00;0.00;0.00;0;0;0.00;0.00;0;0
1508846711;p1p1;0.00;120.00;120.00;60;0;0.00;2.00;2.00;1;0;0.00;0.00;0;0
1508846712;p1p1;0.00;119.76;119.76;60;0;0.00;2.00;2.00;1;0;0.00;0.00;0;0
1508846712;p1p1;0.00;1056.00;1056.00;528;0;0.00;4.00;4.00;2;0;0.00;0.00;0;0
1508846713;p1p1;0.00;698.60;698.60;350;0;0.00;5.99;5.99;3;0;0.00;0.00;0;0
1508846713;p1p1;0.00;240.00;240.00;120;0;0.00;4.00;4.00;2;0;0.00;0.00;0;0
1508846714;p1p1;0.00;0.00;0.00;0;0;0.00;0.00;0.00;0;0;0.00;0.00;0;0
1508846714;p1p1;0.00;120.00;120.00;60;0;0.00;2.00;2.00;1;0;0.00;0.00;0;0
1508846715;p1p1;83.83;119.76;203.59;60;42;2.00;2.00;3.99;1;1;0.00;0.00;0;0
1508846715;p1p1;0.00;0.00;0.00;0;0;0.00;0.00;0.00;0;0;0.00;0.00;0;0
1508846716;p1p1;0.00;0.00;0.00;0;0;0.00;0.00;0.00;0;0;0.00;0.00;0;0
1508846716;p1p1;0.00;0.00;0.00;0;0;0.00;0.00;0.00;0;0;0.00;0.00;0;0
1508846717;p1p1;0.00;0.00;0.00;0;0;0.00;0.00;0.00;0;0;0.00;0.00;0;0
1508846717;p1p1;0.00;0.00;0.00;0;0;0.00;0.00;0.00;0;0;0.00;0.00;0;0
1508846718;p1p1;0.00;0.00;0.00;0;0;0.00;0.00;0.00;0;0;0.00;0.00;0;0
1508846718;p1p1;0.00;0.00;0.00;0;0;0.00;0.00;0.00;0;0;0.00;0.00;0;0
1508846719;p1p1;0.00;119.76;119.76;60;0;0.00;2.00;2.00;1;0;0.00;0.00;0;0
1508846719;p1p1;0.00;120.00;120.00;60;0;0.00;2.00;2.00;1;0;0.00;0.00;0;0
1508846720;p1p1;2301.40;3091.82;5393.21;1549;1153;23.95;19.96;43.91;10;12;0.00;0.00;0;0
1508846720;p1p1;27456.00;2478536.00;2505992.00;1239268;13728;416.00;1648.00;2064.00;824;208;0.00;0.00;0;0
1508846721;p1p1;0.00;0.00;0.00;0;0;0.00;0.00;0.00;0;0;0.00;0.00;0;0
1508846721;p1p1;0.00;0.00;0.00;0;0;0.00;0.00;0.00;0;0;0.00;0.00;0;0
1508846722;p1p1;0.00;794.41;794.41;398;0;0.00;3.99;3.99;2;0;0.00;0.00;0;0
1508846722;p1p1;0.00;120.00;120.00;60;0;0.00;2.00;2.00;1;0;0.00;0.00;0;0
1508846723;p1p1;0.00;0.00;0.00;0;0;0.00;0.00;0.00;0;0;0.00;0.00;0;0
1508846723;p1p1;0.00;0.00;0.00;0;0;0.00;0.00;0.00;0;0;0.00;0.00;0;0
1508846724;p1p1;0.00;0.00;0.00;0;0;0.00;0.00;0.00;0;0;0.00;0.00;0;0
1508846724;p1p1;0.00;0.00;0.00;0;0;0.00;0.00;0.00;0;0;0.00;0.00;0;0
1508846725;p1p1;0.00;0.00;0.00;0;0;0.00;0.00;0.00;0;0;0.00;0.00;0;0
1508846725;p1p1;0.00;0.00;0.00;0;0;0.00;0.00;0.00;0;0;0.00;0.00;0;0
1508846726;p1p1;0.00;0.00;0.00;0;0;0.00;0.00;0.00;0;0;0.00;0.00;0;0
1508846726;p1p1;0.00;120.00;120.00;60;0;0.00;2.00;2.00;1;0;0.00;0.00;0;0
1508846727;p1p1;0.00;0.00;0.00;0;0;0.00;0.00;0.00;0;0;0.00;0.00;0;0
1508846727;p1p1;0.00;0.00;0.00;0;0;0.00;0.00;0.00;0;0;0.00;0.00;0;0
1508846728;p1p1;0.00;0.00;0.00;0;0;0.00;0.00;0.00;0;0;0.00;0.00;0;0
1508846728;p1p1;0.00;0.00;0.00;0;0;0.00;0.00;0.00;0;0;0.00;0.00;0;0
1508846729;p1p1;0.00;0.00;0.00;0;0;0.00;0.00;0.00;0;0;0.00;0.00;0;0
1508846729;p1p1;0.00;0.00;0.00;0;0;0.00;0.00;0.00;0;0;0.00;0.00;0;0
1508846730;p1p1;6121.76;349782.44;355904.19;175241;3067;81.84;249.50;331.34;125;41;0.00;0.00;0;0
1508846730;p1p1;25476.00;2264448.00;2289924.00;1132224;12738;386.00;1506.00;1892.00;753;193;0.00;0.00;0;0
1508846731;p1p1;0.00;119.76;119.76;60;0;0.00;2.00;2.00;1;0;0.00;0.00;0;0
1508846731;p1p1;0.00;120.00;120.00;60;0;0.00;2.00;2.00;1;0;0.00;0.00;0;0
1508846732;p1p1;0.00;0.00;0.00;0;0;0.00;0.00;0.00;0;0;0.00;0.00;0;0
1508846732;p1p1;0.00;120.00;120.00;60;0;0.00;2.00;2.00;1;0;0.00;0.00;0;0
1508846733;p1p1;0.00;0.00;0.00;0;0;0.00;0.00;0.00;0;0;0.00;0.00;0;0
1508846733;p1p1;0.00;120.00;120.00;60;0;0.00;2.00;2.00;1;0;0.00;0.00;0;0
1508846734;p1p1;0.00;0.00;0.00;0;0;0.00;0.00;0.00;0;0;0.00;0.00;0;0
1508846734;p1p1;0.00;0.00;0.00;0;0;0.00;0.00;0.00;0;0;0.00;0.00;0;0
1508846735;p1p1;0.00;0.00;0.00;0;0;0.00;0.00;0.00;0;0;0.00;0.00;0;0
1508846735;p1p1;0.00;0.00;0.00;0;0;0.00;0.00;0.00;0;0;0.00;0.00;0;0
1508846736;p1p1;0.00;119.76;119.76;60;0;0.00;2.00;2.00;1;0;0.00;0.00;0;0
1508846736;p1p1;0.00;120.00;120.00;60;0;0.00;2.00;2.00;1;0;0.00;0.00;0;0
1508846737;p1p1;0.00;239.52;239.52;120;0;0.00;3.99;3.99;2;0;0.00;0.00;0;0
1508846737;p1p1;0.00;120.00;120.00;60;0;0.00;2.00;2.00;1;0;0.00;0.00;0;0
1508846738;p1p1;0.00;0.00;0.00;0;0;0.00;0.00;0.00;0;0;0.00;0.00;0;0
1508846738;p1p1;0.00;120.00;120.00;60;0;0.00;2.00;2.00;1;0;0.00;0.00;0;0
1508846739;p1p1;0.00;119.76;119.76;60;0;0.00;2.00;2.00;1;0;0.00;0.00;0;0
1508846739;p1p1;0.00;976.00;976.00;488;0;0.00;12.00;12.00;6;0;0.00;0.00;0;0
1508846740;p1p1;24037.93;1911371.25;1935409.25;957597;12043;353.29;1281.44;1634.73;642;177;0.00;0.00;0;0
1508846740;p1p1;8976.00;766792.00;775768.00;383396;4488;136.00;522.00;658.00;261;68;0.00;0.00;0;0
1508846741;p1p1;0.00;0.00;0.00;0;0;0.00;0.00;0.00;0;0;0.00;0.00;0;0
1508846741;p1p1;0.00;120.00;120.00;60;0;0.00;2.00;2.00;1;0;0.00;0.00;0;0
1508846742;p1p1;0.00;0.00;0.00;0;0;0.00;0.00;0.00;0;0;0.00;0.00;0;0
1508846742;p1p1;0.00;1792.00;1792.00;896;0;0.00;12.00;12.00;6;0;0.00;0.00;0;0
1508846743;p1p1;0.00;459.08;459.08;230;0;0.00;2.00;2.00;1;0;0.00;0.00;0;0
1508846743;p1p1;0.00;0.00;0.00;0;0;0.00;0.00;0.00;0;0;0.00;0.00;0;0
1508846744;p1p1;0.00;0.00;0.00;0;0;0.00;0.00;0.00;0;0;0.00;0.00;0;0
1508846744;p1p1;0.00;0.00;0.00;0;0;0.00;0.00;0.00;0;0;0.00;0.00;0;0
1508846745;p1p1;0.00;119.76;119.76;60;0;0.00;2.00;2.00;1;0;0.00;0.00;0;0
1508846745;p1p1;0.00;120.00;120.00;60;0;0.00;2.00;2.00;1;0;0.00;0.00;0;0
1508846746;p1p1;0.00;119.76;119.76;60;0;0.00;2.00;2.00;1;0;0.00;0.00;0;0
1508846746;p1p1;0.00;120.00;120.00;60;0;0.00;2.00;2.00;1;0;0.00;0.00;0;0
1508846747;p1p1;0.00;0.00;0.00;0;0;0.00;0.00;0.00;0;0;0.00;0.00;0;0
1508846747;p1p1;0.00;470.00;470.00;235;0;0.00;2.00;2.00;1;0;0.00;0.00;0;0
1508846748;p1p1;0.00;0.00;0.00;0;0;0.00;0.00;0.00;0;0;0.00;0.00;0;0
1508846748;p1p1;0.00;0.00;0.00;0;0;0.00;0.00;0.00;0;0;0.00;0.00;0;0
1508846749;p1p1;0.00;119.76;119.76;60;0;0.00;2.00;2.00;1;0;0.00;0.00;0;0
1508846749;p1p1;0.00;120.00;120.00;60;0;0.00;2.00;2.00;1;0;0.00;0.00;0;0
1508846750;p1p1;4672.65;167391.22;172063.88;83863;2341;59.88;129.74;