1509028070;BUFFERING;0.000000%;
1509028070;STATUS;0;0;0.000000;0;0;0.000000;Playing;Playing;
1509028070;BUFFERING;0.000000%;
1509028070;BUFFERING;4.000000%;
1509028070;BUFFERING;8.000000%;
1509028070;BUFFERING;12.000000%;
1509028070;BUFFERING;16.000000%;
1509028070;BUFFERING;20.000000%;
1509028070;BUFFERING;25.000000%;
1509028070;BUFFERING;29.000000%;
1509028070;BUFFERING;33.000000%;
1509028070;BUFFERING;37.000000%;
1509028070;BUFFERING;41.000000%;
1509028070;BUFFERING;45.000000%;
1509028070;BUFFERING;50.000000%;
1509028070;BUFFERING;54.000000%;
1509028070;BUFFERING;58.000000%;
1509028070;BUFFERING;62.000000%;
1509028070;BUFFERING;66.000000%;
1509028070;BUFFERING;70.000000%;
1509028070;BUFFERING;75.000000%;
1509028070;BUFFERING;79.000000%;
1509028070;BUFFERING;83.000000%;
1509028070;BUFFERING;87.000000%;
1509028070;BUFFERING;91.000000%;
1509028070;BUFFERING;95.000000%;
1509028070;BUFFERING;100.000000%;
1509028070;BUFFERING;100.000000%;
1509028071;WARNING_EVENT;deferring start (919693 us);
1509028071;WARNING_EVENT;deferring start (897870 us);
1509028071;WARNING_EVENT;deferring start (875728 us);
1509028071;WARNING_EVENT;deferring start (852307 us);
1509028071;WARNING_EVENT;deferring start (829920 us);
1509028071;WARNING_EVENT;deferring start (807702 us);
1509028071;WARNING_EVENT;deferring start (785421 us);
1509028071;WARNING_EVENT;deferring start (763177 us);
1509028071;WARNING_EVENT;deferring start (740945 us);
1509028071;WARNING_EVENT;deferring start (718716 us);
1509028071;WARNING_EVENT;deferring start (671455 us);
1509028071;WARNING_EVENT;deferring start (649354 us);
1509028071;WARNING_EVENT;deferring start (627342 us);
1509028071;WARNING_EVENT;deferring start (524712 us);
1509028071;WARNING_EVENT;deferring start (502709 us);
1509028071;WARNING_EVENT;deferring start (480804 us);
1509028071;WARNING_EVENT;deferring start (418591 us);
1509028071;WARNING_EVENT;deferring start (396540 us);
1509028071;WARNING_EVENT;deferring start (374558 us);
1509028071;ERROR_EVENT;picture is too late to be displayed (missing 55 ms);
1509028071;WARNING_EVENT;deferring start (324886 us);
1509028071;WARNING_EVENT;deferring start (271504 us);
1509028071;WARNING_EVENT;deferring start (249458 us);
1509028071;WARNING_EVENT;deferring start (227539 us);
1509028071;WARNING_EVENT;deferring start (165635 us);
1509028071;WARNING_EVENT;deferring start (143413 us);
1509028071;WARNING_EVENT;deferring start (121260 us);
1509028071;WARNING_EVENT;deferring start (18707 us);
1509028071;WARNING_EVENT;starting late (-3416 us);
1509028071;ERROR_EVENT;playback way too early (-550197): playing silence;
1509028071;WARNING_EVENT;playback too early (-72250): down-sampling;
1509028071;ERROR_EVENT;playback way too early (-140240): playing silence;
1509028072;WARNING_EVENT;playback too early (-40136): down-sampling;
1509028072;STATUS;1;12;6.000000;360;640;0.000000;Playing;Playing;
1509028074;STATUS;1;60;24.000000;360;640;1384.198364;Playing;Playing;
1509028076;STATUS;1;108;24.000000;360;640;936.757385;Playing;Playing;
1509028078;STATUS;1;156;24.000000;360;640;452.827148;Playing;Playing;
1509028080;STATUS;1;205;24.500000;360;640;522.471558;Playing;Playing;
1509028082;STATUS;1;254;24.500000;360;640;686.900146;Playing;Playing;
1509028084;STATUS;1;303;24.500000;360;640;954.072021;Playing;Playing;
1509028086;STATUS;1;351;24.000000;360;640;702.928772;Playing;Playing;
1509028088;STATUS;1;400;24.500000;360;640;610.298706;Playing;Playing;
1509028090;STATUS;1;450;25.000000;360;640;651.399902;Playing;Playing;
1509028092;STATUS;1;499;24.500000;360;640;1698.325806;Playing;Playing;
1509028094;STATUS;1;548;24.500000;360;640;978.586609;Playing;Playing;
1509028096;STATUS;1;597;24.500000;360;640;1100.339844;Playing;Playing;
1509028098;STATUS;1;646;24.500000;360;640;748.730774;Playing;Playing;
1509028100;STATUS;1;695;24.500000;360;640;684.309631;Playing;Playing;
1509028102;STATUS;1;744;24.500000;360;640;628.963013;Playing;Playing;
1509028104;STATUS;1;793;24.500000;360;640;971.026123;Playing;Playing;
1509028106;STATUS;1;841;24.000000;360;640;832.233826;Playing;Playing;
1509028108;STATUS;1;890;24.500000;360;640;677.189941;Playing;Playing;
1509028110;STATUS;1;940;25.000000;360;640;1529.487427;Playing;Playing;
1509028112;STATUS;1;989;24.500000;360;640;867.133667;Playing;Playing;
1509028114;STATUS;1;1038;24.500000;360;640;918.465576;Playing;Playing;
1509028116;STATUS;1;1087;24.500000;360;640;855.176636;Playing;Playing;
1509028118;STATUS;1;1135;24.000000;360;640;710.689148;Playing;Playing;
1509028120;STATUS;1;1184;24.500000;360;640;702.034424;Playing;Playing;
1509028122;STATUS;1;1233;24.500000;360;640;877.159851;Playing;Playing;
1509028124;STATUS;1;1281;24.000000;360;640;655.254639;Playing;Playing;
1509028126;STATUS;1;1330;24.500000;360;640;563.891968;Playing;Playing;
1509028128;STATUS;1;1354;12.000000;360;640;480.747681;Playing;Playing;
1509028130;STATUS;1;1403;24.500000;360;640;460.535400;Playing;Playing;
1509028132;STATUS;1;1452;24.500000;360;640;676.397400;Playing;Playing;
1509028134;STATUS;1;1500;24.000000;360;640;865.191162;Playing;Playing;
1509028136;STATUS;1;1549;24.500000;360;640;583.222290;Playing;Playing;
1509028138;STATUS;1;1598;24.500000;360;640;865.512207;Playing;Playing;
1509028140;STATUS;1;1646;24.000000;360;640;796.591248;Playing;Playing;
1509028142;STATUS;1;1695;24.500000;360;640;782.881348;Playing;Playing;
1509028144;STATUS;1;1743;24.000000;360;640;706.378601;Playing;Playing;
1509028146;STATUS;1;1792;24.500000;360;640;1036.425293;Playing;Playing;
1509028148;STATUS;1;1840;24.000000;360;640;821.208191;Playing;Playing;
1509028150;STATUS;1;1889;24.500000;360;640;1036.833130;Playing;Playing;
1509028152;STATUS;1;1938;24.500000;360;640;670.893921;Playing;Playing;
1509028154;STATUS;1;1986;24.000000;360;640;995.091858;Playing;Playing;
1509028156;STATUS;1;2035;24.500000;360;640;1098.427612;Playing;Playing;
1509028158;STATUS;1;2084;24.500000;360;640;765.935852;Playing;Playing;
1509028160;STATUS;1;2133;24.500000;360;640;792.039246;Playing;Playing;
1509028162;STATUS;1;2182;24.500000;360;640;824.180359;Playing;Playing;
1509028164;STATUS;1;2231;24.500000;360;640;999.501038;Playing;Playing;
1509028166;STATUS;1;2279;24.000000;360;640;1946.860596;Playing;Playing;
1509028168;STATUS;1;2328;24.500000;360;640;763.984253;Playing;Playing;
1509028170;STATUS;1;2377;24.500000;360;640;1061.316895;Playing;Playing;
1509028172;STATUS;1;2426;24.500000;360;640;667.513306;Playing;Playing;
1509028174;STATUS;1;2475;24.500000;360;640;789.266052;Playing;Playing;
1509028176;STATUS;1;2523;24.000000;360;640;1008.448730;Playing;Playing;
1509028178;STATUS;1;2572;24.500000;360;640;1046.788086;Playing;Playing;
1509028180;STATUS;1;2621;24.500000;360;640;940.173889;Playing;Playing;
1509028182;STATUS;1;2670;24.500000;360;640;621.792969;Playing;Playing;
1509028184;STATUS;1;2718;24.000000;360;640;744.721130;Playing;Playing;
1509028186;STATUS;1;2767;24.500000;360;640;672.569214;Playing;Playing;
1509028188;STATUS;1;2816;24.500000;360;640;1451.403076;Playing;Playing;
1509028190;STATUS;1;2865;24.500000;360;640;577.990845;Playing;Playing;
1509028192;STATUS;1;2913;24.000000;360;640;852.198425;Playing;Playing;
1509028194;STATUS;1;2962;24.500000;360;640;831.877502;Playing;Playing;
1509028196;STATUS;1;2987;12.500000;360;640;893.183777;Playing;Playing;
1509028198;STATUS;1;3035;24.000000;360;640;842.260681;Playing;Playing;
1509028200;STATUS;1;3084;24.500000;360;640;872.195374;Playing;Playing;
1509028202;STATUS;1;3133;24.500000;360;640;1084.273315;Playing;Playing;
1509028204;STATUS;1;3182;24.500000;360;640;1121.304199;Playing;Playing;
1509028206;STATUS;1;3231;24.500000;360;640;901.871338;Playing;Playing;
1509028208;STATUS;1;3279;24.000000;360;640;1013.093018;Playing;Playing;
1509028210;STATUS;1;3328;24.500000;360;640;840.619507;Playing;Playing;
1509028212;STATUS;1;3376;24.000000;360;640;783.021057;Playing;Playing;
1509028214;STATUS;1;3425;24.500000;360;640;887.260437;Playing;Playing;
1509028216;STATUS;1;3474;24.500000;360;640;931.672119;Playing;Playing;
1509028218;STATUS;1;3522;24.000000;360;640;684.058105;Playing;Playing;
1509028220;STATUS;1;3570;24.000000;360;640;1102.317871;Playing;Playing;
1509028222;STATUS;1;3620;25.000000;360;640;1064.404907;Playing;Playing;
1509028224;STATUS;1;3669;24.500000;360;640;1203.219116;Playing;Playing;
1509028226;STATUS;1;3718;24.500000;360;640;1189.738403;Playing;Playing;
1509028228;STATUS;1;3767;24.500000;360;640;666.690979;Playing;Playing;
1509028230;STATUS;1;3816;24.500000;360;640;925.666443;Playing;Playing;
1509028232;STATUS;1;3864;24.000000;360;640;993.971191;Playing;Playing;
1509028234;STATUS;1;3913;24.500000;360;640;739.822266;Playing;Playing;
1509028236;STATUS;1;3962;24.500000;360;640;890.713684;Playing;Playing;
1509028238;STATUS;1;4011;24.500000;360;640;972.821533;Playing;Playing;
1509028240;STATUS;1;4059;24.000000;360;640;1217.272949;Playing;Playing;
1509028242;STATUS;1;4108;24.500000;360;640;795.176636;Playing;Playing;
1509028244;STATUS;1;4157;24.500000;360;640;2038.379395;Playing;Playing;
1509028246;STATUS;1;4205;24.000000;360;640;822.292847;Playing;Playing;
1509028248;STATUS;1;4254;24.500000;360;640;619.078247;Playing;Playing;
1509028250;STATUS;1;4303;24.500000;360;640;945.534912;Playing;Playing;
1509028252;STATUS;1;4352;24.500000;360;640;791.733337;Playing;Playing;
1509028254;STATUS;1;4401;24.500000;360;640;725.672058;Playing;Playing;
1509028256;STATUS;1;4449;24.000000;360;640;1395.059692;Playing;Playing;
1509028258;STATUS;1;4498;24.500000;360;640;2201.282959;Playing;Playing;
1509028260;STATUS;1;4523;12.500000;360;640;923.976318;Playing;Playing;
1509028262;STATUS;1;4571;24.000000;360;640;1117.586914;Playing;Playing;
1509028264;STATUS;1;4620;24.500000;360;640;1085.119751;Playing;Playing;
1509028266;STATUS;1;4669;24.500000;360;640;659.769531;Playing;Playing;
1509028268;STATUS;1;4718;24.500000;360;640;773.702209;Playing;Playing;
1509028270;STATUS;1;4767;24.500000;360;640;557.674438;Playing;Playing;
1509028272;STATUS;1;4816;24.500000;360;640;649.919312;Playing;Playing;
1509028274;STATUS;1;4865;24.500000;360;640;746.191956;Playing;Playing;
1509028276;STATUS;1;4913;24.000000;360;640;697.971069;Playing;Playing;
1509028278;STATUS;1;4962;24.500000;360;640;807.863770;Playing;Playing;
1509028280;STATUS;1;5010;24.000000;360;640;1203.460327;Playing;Playing;
1509028282;STATUS;1;5059;24.500000;360;640;760.359314;Playing;Playing;
1509028284;STATUS;1;5108;24.500000;360;640;800.973572;Playing;Playing;
1509028286;STATUS;1;5157;24.500000;360;640;938.057129;Playing;Playing;
1509028288;STATUS;1;5205;24.000000;360;640;1481.651733;Playing;Playing;
1509028290;STATUS;1;5254;24.500000;360;640;1925.462891;Playing;Playing;
1509028292;STATUS;1;5303;24.500000;360;640;649.554565;Playing;Playing;
1509028294;STATUS;1;5352;24.500000;360;640;649.640259;Playing;Playing;
1509028296;STATUS;1;5400;24.000000;360;640;739.717041;Playing;Playing;
1509028298;STATUS;1;5450;25.000000;360;640;849.899902;Playing;Playing;
1509028300;STATUS;1;5498;24.000000;360;640;849.722229;Playing;Playing;
1509028302;STATUS;1;5548;25.000000;360;640;743.708862;Playing;Playing;
1509028304;STATUS;1;5597;24.500000;360;640;777.839539;Playing;Playing;
1509028306;STATUS;1;5646;24.500000;360;640;1625.738647;Playing;Playing;
1509028308;STATUS;1;5695;24.500000;360;640;1169.468262;Playing;Playing;
1509028310;STATUS;1;5743;24.000000;360;640;849.521729;Playing;Playing;
1509028312;STATUS;1;5792;24.500000;360;640;859.016541;Playing;Playing;
1509028314;STATUS;1;5841;24.500000;360;640;612.536011;Playing;Playing;
1509028316;STATUS;1;5890;24.500000;360;640;932.104736;Playing;Playing;
1509028318;STATUS;1;5938;24.000000;360;640;897.658936;Playing;Playing;
1509028320;STATUS;1;5987;24.500000;360;640;1401.701172;Playing;Playing;
1509028322;STATUS;1;6011;12.000000;360;640;1717.056396;Playing;Playing;
1509028324;STATUS;1;6061;25.000000;360;640;1621.514648;Playing;Playing;
1509028326;STATUS;1;6110;24.500000;360;640;670.259094;Playing;Playing;
1509028328;STATUS;1;6158;24.000000;360;640;674.556274;Playing;Playing;
1509028330;ERROR_EVENT;playback in danger of stalling;
1509028330;STATUS;1;6206;24.000000;360;640;516.245422;Playing;Playing;
1509028332;STATUS;1;6255;24.500000;360;640;901.253174;Playing;Playing;
1509028334;STATUS;1;6303;24.000000;360;640;1005.457764;Playing;Playing;
1509028336;STATUS;1;6353;25.000000;360;640;790.480530;Playing;Playing;
1509028338;STATUS;1;6402;24.500000;360;640;950.504028;Playing;Playing;
1509028340;ERROR_EVENT;playback in danger of stalling;
1509028340;STATUS;1;6450;24.000000;608;1080;876.430542;Playing;Playing;
1509028341;ERROR_EVENT;picture is too late to be displayed (missing 25 ms);
1509028342;STATUS;6;6474;12.000000;608;1080;415.669098;Playing;Playing;
1509028344;STATUS;6;6521;23.500000;608;1080;847.196655;Playing;Playing;
1509028346;STATUS;6;6571;25.000000;608;1080;1080.749512;Playing;Playing;
1509028348;STATUS;6;6619;24.000000;608;1080;1089.391724;Playing;Playing;
1509028350;ERROR_EVENT;playback in danger of stalling;
1509028350;STATUS;6;6669;25.000000;608;1080;1774.761963;Playing;Playing;
1509028351;ERROR_EVENT;underflow;
1509028352;STATUS;6;6669;0.000000;608;1080;1774.761963;Playing;Playing;
1509028354;STATUS;6;6669;0.000000;608;1080;1774.761963;Playing;Playing;
1509028355;BUFFERING;0.000000%;
1509028355;ERROR_EVENT;underflow;
1509028355;BUFFERING;0.000000%;
1509028355;BUFFERING;4.000000%;
1509028355;BUFFERING;8.000000%;
1509028355;BUFFERING;12.000000%;
1509028355;BUFFERING;16.000000%;
1509028355;BUFFERING;20.000000%;
1509028355;BUFFERING;25.000000%;
1509028355;BUFFERING;29.000000%;
1509028355;BUFFERING;33.000000%;
1509028355;BUFFERING;37.000000%;
1509028355;BUFFERING;41.000000%;
1509028355;BUFFERING;45.000000%;
1509028355;BUFFERING;50.000000%;
1509028355;BUFFERING;54.000000%;
1509028355;BUFFERING;58.000000%;
1509028355;BUFFERING;62.000000%;
1509028355;BUFFERING;66.000000%;
1509028355;BUFFERING;70.000000%;
1509028355;BUFFERING;75.000000%;
1509028355;BUFFERING;79.000000%;
1509028355;BUFFERING;83.000000%;
1509028355;BUFFERING;87.000000%;
1509028355;BUFFERING;91.000000%;
1509028355;BUFFERING;95.000000%;
1509028355;BUFFERING;100.000000%;
1509028355;BUFFERING;100.000000%;
1509028355;WARNING_EVENT;deferring start (28304 us);
1509028355;WARNING_EVENT;deferring start (6058 us);
1509028355;WARNING_EVENT;starting late (-16004 us);
1509028355;WARNING_EVENT;playback too early (-40399): down-sampling;
1509028356;ERROR_EVENT;picture is too late to be displayed (missing 801 ms);
1509028356;ERROR_EVENT;picture is too late to be displayed (missing 760 ms);
1509028356;ERROR_EVENT;picture is too late to be displayed (missing 719 ms);
1509028356;ERROR_EVENT;picture is too late to be displayed (missing 678 ms);
1509028356;ERROR_EVENT;picture is too late to be displayed (missing 645 ms);
1509028356;ERROR_EVENT;picture is too late to be displayed (missing 610 ms);
1509028356;ERROR_EVENT;More than 4 late frames, dropping frame;
1509028356;ERROR_EVENT;More than 4 late frames, dropping frame;
1509028356;ERROR_EVENT;More than 4 late frames, dropping frame;
1509028356;WARNING_EVENT;playback too early (-81195): down-sampling;
1509028356;STATUS;6;6736;33.500000;608;1080;106.377449;Playing;Playing;
1509028358;STATUS;12;6779;21.500000;608;1080;1487.164307;Playing;Playing;
1509028360;STATUS;12;6828;24.500000;608;1080;1393.241089;Playing;Playing;
1509028362;STATUS;12;6877;24.500000;608;1080;525.982300;Playing;Playing;
1509028364;STATUS;12;6927;25.000000;608;1080;974.038086;Playing;Playing;
1509028366;STATUS;12;6976;24.500000;608;1080;234.981659;Playing;Playing;
1509028367;ERROR_EVENT;playback in danger of stalling;
1509028368;ERROR_EVENT;underflow;
1509028368;BUFFERING;0.000000%;
1509028368;ERROR_EVENT;underflow;
1509028368;BUFFERING;0.000000%;
1509028368;BUFFERING;3.000000%;
1509028368;BUFFERING;6.000000%;
1509028368;BUFFERING;9.000000%;
1509028368;BUFFERING;12.000000%;
1509028368;BUFFERING;15.000000%;
1509028368;BUFFERING;18.000000%;
1509028368;BUFFERING;21.000000%;
1509028368;BUFFERING;24.000000%;
1509028368;BUFFERING;28.000000%;
1509028368;BUFFERING;31.000000%;
1509028368;BUFFERING;34.000000%;
1509028368;BUFFERING;37.000000%;
1509028368;BUFFERING;40.000000%;
1509028368;BUFFERING;43.000000%;
1509028368;BUFFERING;46.000000%;
1509028368;BUFFERING;49.000000%;
1509028368;BUFFERING;53.000000%;
1509028368;BUFFERING;56.000000%;
1509028368;BUFFERING;59.000000%;
1509028368;BUFFERING;62.000000%;
1509028368;BUFFERING;65.000000%;
1509028368;BUFFERING;68.000000%;
1509028368;BUFFERING;71.000000%;
1509028368;BUFFERING;74.000000%;
1509028368;BUFFERING;78.000000%;
1509028368;BUFFERING;81.000000%;
1509028368;BUFFERING;84.000000%;
1509028368;BUFFERING;87.000000%;
1509028368;BUFFERING;90.000000%;
1509028368;BUFFERING;93.000000%;
1509028368;BUFFERING;96.000000%;
1509028368;BUFFERING;99.000000%;
1509028368;BUFFERING;100.000000%;
1509028368;WARNING_EVENT;deferring start (10124 us);
1509028368;WARNING_EVENT;starting late (-12740 us);
1509028368;ERROR_EVENT;underflow;
1509028368;STATUS;12;6984;4.000000;608;1080;234.981659;Playing;Playing;
1509028369;WARNING_EVENT;playback too early (-41306): down-sampling;
1509028369;ERROR_EVENT;picture is too late to be displayed (missing 1123 ms);
1509028369;ERROR_EVENT;picture is too late to be displayed (missing 1082 ms);
1509028369;ERROR_EVENT;picture is too late to be displayed (missing 1042 ms);
1509028369;ERROR_EVENT;picture is too late to be displayed (missing 1000 ms);
1509028369;ERROR_EVENT;picture is too late to be displayed (missing 965 ms);
1509028369;ERROR_EVENT;picture is too late to be displayed (missing 930 ms);
1509028369;ERROR_EVENT;More than 4 late frames, dropping frame;
1509028370;ERROR_EVENT;More than 4 late frames, dropping frame;
1509028370;ERROR_EVENT;More than 4 late frames, dropping frame;
1509028370;ERROR_EVENT;More than 4 late frames, dropping frame;
1509028370;ERROR_EVENT;More than 4 late frames, dropping frame;
1509028370;STATUS;18;7025;20.500000;608;1080;4997.873047;Playing;Playing;
1509028372;STATUS;18;7073;24.000000;608;1080;1780.718628;Playing;Playing;
1509028374;STATUS;18;7122;24.500000;608;1080;1817.985718;Playing;Playing;
1509028376;STATUS;18;7170;24.000000;608;1080;1638.903320;Playing;Playing;
1509028377;ERROR_EVENT;playback in danger of stalling;
1509028378;STATUS;18;7219;24.500000;608;1080;2966.266113;Playing;Playing;
1509028380;STATUS;18;7267;24.000000;608;1080;1091.680298;Playing;Playing;
1509028382;STATUS;18;7316;24.500000;608;1080;948.680786;Playing;Playing;
1509028384;STATUS;18;7364;24.000000;608;1080;1144.777100;Playing;Playing;
1509028386;STATUS;18;7412;24.000000;608;1080;836.247742;Playing;Playing;
1509028388;ERROR_EVENT;playback in danger of stalling;
1509028388;STATUS;18;7437;12.500000;608;1080;951.760010;Playing;Playing;
1509028389;ERROR_EVENT;underflow;
1509028390;STATUS;18;7437;0.000000;608;1080;951.760010;Playing;Playing;
1509028391;BUFFERING;0.000000%;
1509028391;BUFFERING;0.000000%;
1509028391;ERROR_EVENT;underflow;
1509028391;BUFFERING;1.000000%;
1509028391;BUFFERING;2.000000%;
1509028391;BUFFERING;3.000000%;
1509028391;BUFFERING;4.000000%;
1509028391;BUFFERING;6.000000%;
1509028391;BUFFERING;7.000000%;
1509028391;BUFFERING;8.000000%;
1509028391;BUFFERING;9.000000%;
1509028391;BUFFERING;11.000000%;
1509028391;BUFFERING;12.000000%;
1509028391;BUFFERING;13.000000%;
1509028391;BUFFERING;14.000000%;
1509028391;BUFFERING;15.000000%;
1509028391;BUFFERING;17.000000%;
1509028391;BUFFERING;18.000000%;
1509028391;BUFFERING;19.000000%;
1509028391;BUFFERING;20.000000%;
1509028391;BUFFERING;22.000000%;
1509028391;BUFFERING;23.000000%;
1509028391;BUFFERING;24.000000%;
1509028391;BUFFERING;25.000000%;
1509028391;BUFFERING;26.000000%;
1509028391;BUFFERING;28.000000%;
1509028391;BUFFERING;29.000000%;
1509028391;BUFFERING;30.000000%;
1509028391;BUFFERING;31.000000%;
1509028391;BUFFERING;33.000000%;
1509028391;BUFFERING;34.000000%;
1509028391;BUFFERING;35.000000%;
1509028391;BUFFERING;36.000000%;
1509028391;BUFFERING;37.000000%;
1509028391;BUFFERING;39.000000%;
1509028391;BUFFERING;40.000000%;
1509028391;BUFFERING;41.000000%;
1509028391;BUFFERING;42.000000%;
1509028391;BUFFERING;44.000000%;
1509028391;BUFFERING;45.000000%;
1509028391;BUFFERING;46.000000%;
1509028391;BUFFERING;47.000000%;
1509028391;BUFFERING;48.000000%;
1509028391;BUFFERING;50.000000%;
1509028391;BUFFERING;51.000000%;
1509028391;BUFFERING;52.000000%;
1509028391;BUFFERING;53.000000%;
1509028391;BUFFERING;55.000000%;
1509028391;BUFFERING;56.000000%;
1509028391;BUFFERING;57.000000%;
1509028391;BUFFERING;58.000000%;
1509028391;BUFFERING;59.000000%;
1509028391;BUFFERING;61.000000%;
1509028391;BUFFERING;62.000000%;
1509028391;BUFFERING;63.000000%;
1509028391;BUFFERING;64.000000%;
1509028391;BUFFERING;66.000000%;
1509028391;BUFFERING;67.000000%;
1509028391;BUFFERING;68.000000%;
1509028391;BUFFERING;69.000000%;
1509028391;BUFFERING;71.000000%;
1509028391;BUFFERING;72.000000%;
1509028391;BUFFERING;73.000000%;
1509028391;BUFFERING;74.000000%;
1509028391;BUFFERING;75.000000%;
1509028391;BUFFERING;77.000000%;
1509028391;BUFFERING;78.000000%;
1509028391;BUFFERING;79.000000%;
1509028391;BUFFERING;80.000000%;
1509028391;BUFFERING;82.000000%;
1509028391;BUFFERING;83.000000%;
1509028391;BUFFERING;84.000000%;
1509028391;BUFFERING;85.000000%;
1509028391;BUFFERING;86.000000%;
1509028391;BUFFERING;88.000000%;
1509028391;BUFFERING;89.000000%;
1509028391;BUFFERING;90.000000%;
1509028391;BUFFERING;91.000000%;
1509028391;BUFFERING;93.000000%;
1509028391;BUFFERING;94.000000%;
1509028391;BUFFERING;95.000000%;
1509028391;BUFFERING;96.000000%;
1509028391;BUFFERING;97.000000%;
1509028391;BUFFERING;99.000000%;
1509028391;BUFFERING;100.000000%;
1509028391;WARNING_EVENT;starting late (-18615 us);
1509028391;ERROR_EVENT;underflow;
1509028392;STATUS;18;7497;30.000000;608;1080;152.128326;Playing;Playing;
1509028394;STATUS;18;7497;0.000000;608;1080;1592.139526;Playing;Playing;
1509028397;RESPAWN;;
1509028397;BUFFERING;0.000000%;
1509028397;STATUS;18;0;0.000000;0;0;0.000000;Playing;Playing;
1509028397;BUFFERING;0.000000%;
1509028397;BUFFERING;4.000000%;
1509028397;BUFFERING;8.000000%;
1509028397;BUFFERING;12.000000%;
1509028397;BUFFERING;16.000000%;
1509028397;BUFFERING;20.000000%;
1509028397;BUFFERING;25.000000%;
1509028397;BUFFERING;29.000000%;
1509028397;BUFFERING;33.000000%;
1509028397;BUFFERING;37.000000%;
1509028397;BUFFERING;41.000000%;
1509028397;BUFFERING;45.000000%;
1509028397;BUFFERING;50.000000%;
1509028397;BUFFERING;54.000000%;
1509028397;BUFFERING;58.000000%;
1509028397;BUFFERING;62.000000%;
1509028397;BUFFERING;66.000000%;
1509028397;BUFFERING;70.000000%;
1509028397;BUFFERING;75.000000%;
1509028397;BUFFERING;79.000000%;
1509028397;BUFFERING;83.000000%;
1509028397;BUFFERING;87.000000%;
1509028397;BUFFERING;91.000000%;
1509028397;BUFFERING;95.000000%;
1509028397;BUFFERING;100.000000%;
1509028397;BUFFERING;100.000000%;
1509028397;WARNING_EVENT;deferring start (80688 us);
1509028397;WARNING_EVENT;deferring start (58914 us);
1509028397;WARNING_EVENT;deferring start (36818 us);
1509028397;WARNING_EVENT;deferring start (14739 us);
1509028397;WARNING_EVENT;starting late (-7337 us);
1509028397;WARNING_EVENT;playback too early (-77213): down-sampling;
1509028399;STATUS;18;16;8.000000;608;1080;0.000000;Playing;Playing;
1509028401;STATUS;18;65;24.500000;608;1080;1000.272034;Playing;Playing;
1509028403;STATUS;18;114;24.500000;608;1080;1562.055908;Playing;Playing;
1509028405;STATUS;18;161;23.500000;608;1080;1603.380493;Playing;Playing;
1509028407;STATUS;18;211;25.000000;608;1080;978.744690;Playing;Playing;
1509028409;STATUS;18;261;25.000000;608;1080;1313.421631;Playing;Playing;
1509028411;STATUS;18;310;24.500000;608;1080;302.063446;Playing;Playing;
1509028413;STATUS;18;358;24.000000;608;1080;483.712738;Playing;Playing;
1509028415;STATUS;18;407;24.500000;608;1080;753.079590;Playing;Playing;
1509028417;STATUS;18;455;24.000000;608;1080;594.734192;Playing;Playing;
1509028419;STATUS;18;504;24.500000;608;1080;558.803406;Playing;Playing;
1509028421;STATUS;18;553;24.500000;608;1080;1198.904419;Playing;Playing;
1509028423;STATUS;18;602;24.500000;608;1080;1199.130005;Playing;Playing;
1509028425;STATUS;18;651;24.500000;608;1080;950.074646;Playing;Playing;
1509028427;STATUS;18;700;24.500000;608;1080;315.862213;Playing;Playing;
1509028429;STATUS;18;749;24.500000;608;1080;1381.998047;Playing;Playing;
1509028431;STATUS;18;798;24.500000;608;1080;2147.134277;Playing;Playing;
1509028433;STATUS;18;847;24.500000;608;1080;2194.060303;Playing;Playing;
1509028435;STATUS;18;895;24.000000;608;1080;1300.075439;Playing;Playing;
1509028437;STATUS;18;944;24.500000;608;1080;787.465820;Playing;Playing;
1509028439;STATUS;18;992;24.000000;608;1080;170.993256;Playing;Playing;
1509028441;STATUS;18;1041;24.500000;608;1080;734.751099;Playing;Playing;
1509028443;STATUS;18;1090;24.500000;608;1080;289.239410;Playing;Playing;
1509028445;STATUS;18;1139;24.500000;608;1080;888.593750;Playing;Playing;
1509028447;STATUS;18;1187;24.000000;608;1080;462.456299;Playing;Playing;
1509028449;STATUS;18;1236;24.500000;608;1080;439.645813;Playing;Playing;
1509028451;STATUS;18;1285;24.500000;608;1080;499.990479;Playing;Playing;
1509028453;STATUS;18;1334;24.500000;608;1080;905.144104;Playing;Playing;
1509028455;STATUS;18;1382;24.000000;608;1080;847.300781;Playing;Playing;
1509028457;STATUS;18;1431;24.500000;608;1080;327.844421;Playing;Playing;
1509028459;STATUS;18;1479;24.000000;608;1080;849.133301;Playing;Playing;
1509028461;STATUS;18;1504;12.500000;608;1080;701.832092;Playing;Playing;
1509028463;STATUS;18;1553;24.500000;608;1080;725.857971;Playing;Playing;
1509028465;STATUS;18;1602;24.500000;608;1080;653.122803;Playing;Playing;
1509028467;STATUS;18;1651;24.500000;608;1080;1662.555176;Playing;Playing;
1509028469;STATUS;18;1700;24.500000;608;1080;548.795227;Playing;Playing;
1509028471;STATUS;18;1747;23.500000;608;1080;1091.621094;Playing;Playing;
1509028473;STATUS;18;1797;25.000000;608;1080;1487.029297;Playing;Playing;
1509028473;ERROR_EVENT;playback in danger of stalling;
1509028475;STATUS;18;1846;24.500000;608;1080;1162.192993;Playing;Playing;
1509028477;STATUS;18;1895;24.500000;608;1080;998.863037;Playing;Playing;
1509028479;STATUS;18;1944;24.500000;608;1080;531.429871;Playing;Playing;
1509028481;STATUS;18;1993;24.500000;608;1080;1244.417847;Playing;Playing;
1509028483;STATUS;18;2042;24.500000;608;1080;709.791992;Playing;Playing;
1509028485;STATUS;18;2091;24.500000;608;1080;718.789429;Playing;Playing;
1509028487;STATUS;18;2139;24.000000;608;1080;664.417358;Playing;Playing;
1509028489;STATUS;18;2187;24.000000;608;1080;1055.096924;Playing;Playing;
1509028491;STATUS;18;2235;24.000000;608;1080;1266.169189;Playing;Playing;
1509028493;STATUS;18;2285;25.000000;608;1080;914.388367;Playing;Playing;
1509028495;STATUS;18;2335;25.000000;608;1080;969.533569;Playing;Playing;
1509028497;STATUS;18;2384;24.500000;608;1080;1185.490112;Playing;Playing;
1509028499;STATUS;18;2433;24.500000;608;1080;639.870117;Playing;Playing;
1509028501;STATUS;18;2481;24.000000;608;1080;898.610229;Playing;Playing;
1509028503;STATUS;18;2530;24.500000;608;1080;1102.629761;Playing;Playing;
1509028505;STATUS;18;2579;24.500000;608;1080;791.648071;Playing;Playing;
1509028507;STATUS;18;2628;24.500000;608;1080;1474.190063;Playing;Playing;
1509028509;STATUS;18;2676;24.000000;608;1080;689.205627;Playing;Playing;
1509028511;STATUS;18;2725;24.500000;608;1080;272.302368;Playing;Playing;
1509028513;STATUS;18;2774;24.500000;608;1080;619.398071;Playing;Playing;
1509028515;STATUS;18;2823;24.500000;608;1080;1473.845215;Playing;Playing;
1509028517;STATUS;18;2847;12.000000;608;1080;850.372498;Playing;Playing;
1509028519;STATUS;18;2896;24.500000;608;1080;791.388855;Playing;Playing;
1509028521;STATUS;18;2945;24.500000;608;1080;504.494415;Playing;Playing;
1509028523;STATUS;18;2994;24.500000;608;1080;1324.848022;Playing;Playing;
1509028525;STATUS;18;3043;24.500000;608;1080;470.100250;Playing;Playing;
1509028527;STATUS;18;3091;24.000000;608;1080;370.350464;Playing;Playing;
1509028529;STATUS;18;3141;25.000000;608;1080;587.577515;Playing;Playing;
1509028531;STATUS;18;3189;24.000000;608;1080;1944.548584;Playing;Playing;
1509028533;STATUS;18;3238;24.500000;608;1080;574.760559;Playing;Playing;
1509028535;STATUS;18;3287;24.500000;608;1080;1620.726807;Playing;Playing;
1509028537;STATUS;18;3335;24.000000;608;1080;1443.658813;Playing;Playing;
1509028539;STATUS;18;3384;24.500000;608;1080;1382.269287;Playing;Playing;
1509028541;STATUS;18;3431;23.500000;608;1080;1774.721069;Playing;Playing;
1509028543;STATUS;18;3480;24.500000;608;1080;918.965881;Playing;Playing;
1509028545;STATUS;18;3528;24.000000;608;1080;174.301910;Playing;Playing;
1509028547;STATUS;18;3577;24.500000;608;1080;1857.654419;Playing;Playing;
1509028549;STATUS;18;3626;24.500000;608;1080;965.513672;Playing;Playing;
1509028551;STATUS;18;3675;24.500000;608;1080;918.010254;Playing;Playing;
1509028553;STATUS;18;3723;24.000000;608;1080;693.833679;Playing;Playing;
1509028555;STATUS;18;3772;24.500000;608;1080;884.711365;Playing;Playing;
1509028557;STATUS;18;3821;24.500000;608;1080;512.389282;Playing;Playing;
1509028559;STATUS;18;3869;24.000000;608;1080;294.527466;Playing;Playing;
1509028561;STATUS;18;3918;24.500000;608;1080;1133.840210;Playing;Playing;
1509028563;STATUS;18;3967;24.500000;608;1080;1565.785034;Playing;Playing;
1509028564;ERROR_EVENT;playback in danger of stalling;
1509028565;STATUS;18;4016;24.500000;608;1080;1918.879517;Playing;Playing;
1509028567;STATUS;18;4065;24.500000;608;1080;2029.254395;Playing;Playing;
1509028569;STATUS;18;4113;24.000000;608;1080;643.947632;Playing;Playing;
1509028571;STATUS;18;4162;24.500000;608;1080;689.661255;Playing;Playing;
1509028572;ERROR_EVENT;playback in danger of stalling;
1509028572;WARNING_EVENT;deferring start (934474 us);
1509028572;WARNING_EVENT;deferring start (934107 us);
1509028572;WARNING_EVENT;deferring start (874465 us);
1509028572;WARNING_EVENT;deferring start (874297 us);
1509028572;WARNING_EVENT;deferring start (874080 us);
1509028572;WARNING_EVENT;deferring start (873493 us);
1509028572;WARNING_EVENT;deferring start (873023 us);
1509028572;WARNING_EVENT;deferring start (850581 us);
1509028572;WARNING_EVENT;deferring start (828168 us);
1509028572;WARNING_EVENT;deferring start (805686 us);
1509028572;WARNING_EVENT;deferring start (778529 us);
1509028573;WARNING_EVENT;deferring start (757670 us);
1509028573;WARNING_EVENT;deferring start (757522 us);
1509028573;WARNING_EVENT;deferring start (735435 us);
1509028573;WARNING_EVENT;deferring start (713326 us);
1509028573;WARNING_EVENT;deferring start (653632 us);
1509028573;WARNING_EVENT;deferring start (625462 us);
1509028573;WARNING_EVENT;deferring start (603241 us);
1509028573;WARNING_EVENT;deferring start (581254 us);
1509028573;WARNING_EVENT;deferring start (528223 us);
1509028573;WARNING_EVENT;deferring start (505735 us);
1509028573;WARNING_EVENT;deferring start (483342 us);
1509028573;WARNING_EVENT;deferring start (444444 us);
1509028573;WARNING_EVENT;deferring start (396049 us);
1509028573;WARNING_EVENT;deferring start (373875 us);
1509028573;WARNING_EVENT;deferring start (351588 us);
1509028573;WARNING_EVENT;deferring start (296883 us);
1509028573;WARNING_EVENT;deferring start (274623 us);
1509028573;WARNING_EVENT;deferring start (252650 us);
1509028573;WARNING_EVENT;deferring start (166356 us);
1509028573;WARNING_EVENT;deferring start (144148 us);
1509028573;WARNING_EVENT;deferring start (122070 us);
1509028573;WARNING_EVENT;deferring start (92342 us);
1509028573;STATUS;22;4212;25.000000;360;640;941.102539;Playing;Playing;
1509028573;WARNING_EVENT;deferring start (68665 us);
1509028573;WARNING_EVENT;deferring start (46130 us);
1509028573;WARNING_EVENT;deferring start (23649 us);
1509028573;ERROR_EVENT;playback way too early (-532291): playing silence;
1509028574;ERROR_EVENT;picture is too late to be displayed (missing 25 ms);
1509028575;STATUS;23;4236;12.000000;360;640;881.773376;Playing;Playing;
1509028577;STATUS;23;4285;24.500000;360;640;1412.794800;Playing;Playing;
1509028579;STATUS;23;4335;25.000000;360;640;1710.071045;Playing;Playing;
1509028581;STATUS;23;4384;24.500000;360;640;783.858459;Playing;Playing;
1509028582;ERROR_EVENT;playback in danger of stalling;
1509028583;STATUS;23;4408;12.000000;360;640;432.725311;Playing;Playing;
1509028583;ERROR_EVENT;underflow;
1509028585;STATUS;23;4408;0.000000;360;640;432.725311;Playing;Playing;
1509028587;STATUS;23;4408;0.000000;360;640;432.725311;Playing;Playing;
1509028587;BUFFERING;0.000000%;
1509028587;BUFFERING;0.000000%;
1509028587;BUFFERING;4.000000%;
1509028587;ERROR_EVENT;underflow;
1509028587;BUFFERING;8.000000%;
1509028587;BUFFERING;12.000000%;
1509028587;BUFFERING;16.000000%;
1509028587;BUFFERING;20.000000%;
1509028587;BUFFERING;25.000000%;
1509028587;BUFFERING;29.000000%;
1509028587;BUFFERING;33.000000%;
1509028587;BUFFERING;37.000000%;
1509028587;BUFFERING;41.000000%;
1509028587;BUFFERING;45.000000%;
1509028587;BUFFERING;50.000000%;
1509028587;BUFFERING;54.000000%;
1509028587;BUFFERING;58.000000%;
1509028587;BUFFERING;62.000000%;
1509028587;BUFFERING;66.000000%;
1509028587;BUFFERING;70.000000%;
1509028587;BUFFERING;75.000000%;
1509028587;BUFFERING;79.000000%;
1509028587;BUFFERING;83.000000%;
1509028587;BUFFERING;87.000000%;
1509028587;BUFFERING;91.000000%;
1509028587;BUFFERING;95.000000%;
1509028587;BUFFERING;100.000000%;
1509028587;BUFFERING;100.000000%;
1509028588;WARNING_EVENT;starting late (-22538 us);
1509028588;ERROR_EVENT;underflow;
1509028588;ERROR_EVENT;picture is too late to be displayed (missing 660 ms);
1509028588;ERROR_EVENT;picture is too late to be displayed (missing 618 ms);
1509028588;ERROR_EVENT;picture is too late to be displayed (missing 578 ms);
1509028588;ERROR_EVENT;picture is too late to be displayed (missing 536 ms);
1509028588;ERROR_EVENT;picture is too late to be displayed (missing 534 ms);
1509028588;ERROR_EVENT;picture is too late to be displayed (missing 518 ms);
1509028588;ERROR_EVENT;More than 4 late frames, dropping frame;
1509028588;ERROR_EVENT;More than 4 late frames, dropping frame;
1509028588;ERROR_EVENT;More than 4 late frames, dropping frame;
1509028588;ERROR_EVENT;More than 4 late frames, dropping frame;
1509028588;ERROR_EVENT;More than 4 late frames, dropping frame;
1509028588;ERROR_EVENT;More than 4 late frames, dropping frame;
1509028588;ERROR_EVENT;More than 4 late frames, dropping frame;
1509028589;STATUS;28;4485;38.500000;360;640;50.994274;Playing;Playing;
1509028591;STATUS;29;4528;21.500000;360;640;1442.222656;Playing;Playing;
1509028593;STATUS;29;4578;25.000000;360;640;2067.114014;Playing;Playing;
1509028595;STATUS;29;4627;24.500000;360;640;577.527405;Playing;Playing;
1509028596;ERROR_EVENT;playback in danger of stalling;
1509028597;STATUS;29;4651;12.000000;360;640;827.908936;Playing;Playing;
1509028597;ERROR_EVENT;picture is too late to be displayed (missing 47 ms);
1509028599;STATUS;30;4720;34.500000;360;640;289.835388;Playing;Playing;
1509028601;STATUS;30;4768;24.000000;360;640;667.042847;Playing;Playing;
1509028603;STATUS;30;4817;24.500000;360;640;1771.776855;Playing;Playing;
1509028605;STATUS;30;4866;24.500000;360;640;1508.680298;Playing;Playing;
1509028606;ERROR_EVENT;playback in danger of stalling;
1509028607;STATUS;30;4891;12.500000;360;640;1732.750488;Playing;Playing;
1509028607;ERROR_EVENT;picture is too late to be displayed (missing 23 ms);
1509028609;STATUS;31;4959;34.000000;360;640;914.143311;Playing;Playing;
1509028611;STATUS;31;5008;24.500000;360;640;1324.084473;Playing;Playing;
1509028613;STATUS;31;5057;24.500000;360;640;675.481628;Playing;Playing;
1509028615;STATUS;31;5106;24.500000;360;640;753.982666;Playing;Playing;
1509028616;ERROR_EVENT;playback in danger of stalling;
1509028617;STATUS;31;5130;12.000000;360;640;930.144165;Playing;Playing;
1509028618;ERROR_EVENT;underflow;
1509028619;STATUS;31;5130;0.000000;360;640;930.144165;Playing;Playing;
1509028621;STATUS;31;5130;0.000000;360;640;930.144165;Playing;Playing;
1509028628;RESPAWN;;
1509028628;BUFFERING;0.000000%;
1509028629;STATUS;31;0;0.000000;0;0;0.000000;Playing;Playing;
1509028629;BUFFERING;0.000000%;
1509028629;BUFFERING;4.000000%;
1509028629;BUFFERING;8.000000%;
1509028629;BUFFERING;12.000000%;
1509028629;BUFFERING;16.000000%;
1509028629;BUFFERING;20.000000%;
1509028629;BUFFERING;25.000000%;
1509028629;BUFFERING;29.000000%;
1509028629;BUFFERING;33.000000%;
1509028629;BUFFERING;37.000000%;
1509028629;BUFFERING;41.000000%;
1509028629;BUFFERING;45.000000%;
1509028629;BUFFERING;50.000000%;
1509028629;BUFFERING;54.000000%;
1509028629;BUFFERING;58.000000%;
1509028629;BUFFERING;62.000000%;
1509028629;BUFFERING;66.000000%;
1509028629;BUFFERING;70.000000%;
1509028629;BUFFERING;75.000000%;
1509028629;BUFFERING;79.000000%;
1509028629;BUFFERING;83.000000%;
1509028629;BUFFERING;87.000000%;
1509028629;BUFFERING;91.000000%;
1509028629;BUFFERING;95.000000%;
1509028629;BUFFERING;100.000000%;
1509028629;BUFFERING;100.000000%;
1509028629;WARNING_EVENT;deferring start (175110 us);
1509028629;WARNING_EVENT;deferring start (150782 us);
1509028629;WARNING_EVENT;deferring start (127469 us);
1509028629;WARNING_EVENT;deferring start (105164 us);
1509028629;WARNING_EVENT;deferring start (83024 us);
1509028629;WARNING_EVENT;deferring start (60848 us);
1509028629;WARNING_EVENT;deferring start (38650 us);
1509028629;WARNING_EVENT;deferring start (16424 us);
1509028629;WARNING_EVENT;starting late (-5781 us);
1509028629;ERROR_EVENT;playback way too early (-164671): playing silence;
1509028631;STATUS;31;20;10.000000;360;640;0.000000;Playing;Playing;
1509028633;STATUS;31;68;24.000000;360;640;1293.705322;Playing;Playing;
1509028635;STATUS;31;116;24.000000;360;640;900.263672;Playing;Playing;
1509028637;STATUS;31;165;24.500000;360;640;749.174561;Playing;Playing;
1509028639;STATUS;31;215;25.000000;360;640;1156.350830;Playing;Playing;
1509028641;STATUS;31;264;24.500000;360;640;1203.088013;Playing;Playing;
1509028643;STATUS;31;313;24.500000;360;640;1612.609009;Playing;Playing;
1509028645;STATUS;31;362;24.500000;360;640;661.072205;Playing;Playing;
1509028647;STATUS;31;410;24.000000;360;640;1505.966553;Playing;Playing;
1509028649;STATUS;31;458;24.000000;360;640;868.066284;Playing;Playing;
1509028651;STATUS;31;507;24.500000;360;640;585.796204;Playing;Playing;
1509028653;STATUS;31;556;24.500000;360;640;1155.779175;Playing;Playing;
1509028655;STATUS;31;605;24.500000;360;640;775.430115;Playing;Playing;
1509028657;STATUS;31;654;24.500000;360;640;814.039062;Playing;Playing;
1509028659;STATUS;31;702;24.000000;360;640;1039.743042;Playing;Playing;
1509028661;STATUS;31;751;24.500000;360;640;844.628174;Playing;Playing;
1509028663;STATUS;31;800;24.500000;360;640;923.179993;Playing;Playing;
1509028665;STATUS;31;849;24.500000;360;640;709.399048;Playing;Playing;
1509028667;STATUS;31;898;24.500000;360;640;760.315918;Playing;Playing;
1509028669;STATUS;31;947;24.500000;360;640;595.373047;Playing;Playing;
1509028671;STATUS;31;996;24.500000;360;640;1052.978027;Playing;Playing;
1509028673;STATUS;31;1046;25.000000;360;640;685.055298;Playing;Playing;
1509028675;STATUS;31;1095;24.500000;360;640;755.058105;Playing;Playing;
1509028677;STATUS;31;1144;24.500000;360;640;715.540955;Playing;Playing;
1509028679;STATUS;31;1193;24.500000;360;640;739.363220;Playing;Playing;
1509028681;STATUS;31;1242;24.500000;360;640;686.195129;Playing;Playing;
1509028683;STATUS;31;1290;24.000000;360;640;446.826477;Playing;Playing;
1509028685;STATUS;31;1315;12.500000;360;640;885.608032;Playing;Playing;
1509028687;STATUS;31;1364;24.500000;360;640;917.331421;Playing;Playing;
1509028689;STATUS;31;1411;23.500000;360;640;1048.530762;Playing;Playing;
1509028691;STATUS;31;1461;25.000000;360;640;1104.194458;Playing;Playing;
1509028693;STATUS;31;1511;25.000000;360;640;663.608032;Playing;Playing;
1509028695;STATUS;31;1560;24.500000;360;640;858.955994;Playing;Playing;
1509028697;STATUS;31;1609;24.500000;360;640;718.910828;Playing;Playing;
1509028699;STATUS;31;1658;24.500000;360;640;770.967712;Playing;Playing;
1509028701;STATUS;31;1708;25.000000;360;640;706.620972;Playing;Playing;
1509028703;STATUS;31;1757;24.500000;360;640;680.103210;Playing;Playing;
1509028705;STATUS;31;1806;24.500000;360;640;655.546997;Playing;Playing;
1509028707;STATUS;31;1854;24.000000;360;640;640.033875;Playing;Playing;
1509028709;STATUS;31;1902;24.000000;360;640;679.400391;Playing;Playing;
1509028711;STATUS;31;1951;24.500000;360;640;686.016052;Playing;Playing;
1509028713;STATUS;31;2001;25.000000;360;640;835.997253;Playing;Playing;
1509028715;STATUS;31;2050;24.500000;360;640;830.148376;Playing;Playing;
1509028717;STATUS;31;2099;24.500000;360;640;1385.410400;Playing;Playing;
1509028719;STATUS;31;2148;24.500000;360;640;1005.592834;Playing;Playing;
1509028721;STATUS;31;2197;24.500000;360;640;645.397888;Playing;Playing;
1509028723;STATUS;31;2246;24.500000;360;640;826.561951;Playing;Playing;
1509028725;STATUS;31;2294;24.000000;360;640;905.299988;Playing;Playing;
1509028727;STATUS;31;2343;24.500000;360;640;964.820801;Playing;Playing;
1509028729;STATUS;31;2391;24.000000;360;640;1177.380493;Playing;Playing;
1509028731;STATUS;31;2440;24.500000;360;640;875.188904;Playing;Playing;
1509028733;STATUS;31;2489;24.500000;360;640;891.288696;Playing;Playing;
1509028735;STATUS;31;2538;24.500000;360;640;796.413574;Playing;Playing;
1509028737;STATUS;31;2586;24.000000;360;640;824.760681;Playing;Playing;
1509028739;STATUS;31;2611;12.500000;360;640;792.358704;Playing;Playing;
1509028741;STATUS;31;2660;24.500000;360;640;801.048828;Playing;Playing;
1509028743;STATUS;31;2709;24.500000;360;640;693.382751;Playing;Playing;
1509028745;STATUS;31;2757;24.000000;360;640;1049.746948;Playing;Playing;
1509028747;STATUS;31;2806;24.500000;360;640;1177.525391;Playing;Playing;
1509028749;STATUS;31;2855;24.500000;360;640;874.768250;Playing;Playing;
1509028751;STATUS;31;2904;24.500000;360;640;693.587158;Playing;Playing;
1509028753;STATUS;31;2953;24.500000;360;640;739.250122;Playing;Playing;
1509028755;STATUS;31;3002;24.500000;360;640;1099.920166;Playing;Playing;
1509028757;STATUS;31;3052;25.000000;360;640;1178.848145;Playing;Playing;
1509028759;STATUS;31;3101;24.500000;360;640;899.173706;Playing;Playing;
1509028761;STATUS;31;3150;24.500000;360;640;699.501221;Playing;Playing;
1509028763;STATUS;31;3198;24.000000;360;640;860.080688;Playing;Playing;
1509028765;STATUS;31;3247;24.500000;360;640;1195.208740;Playing;Playing;
1509028767;STATUS;31;3296;24.500000;360;640;1088.351440;Playing;Playing;
1509028769;STATUS;31;3345;24.500000;360;640;846.975952;Playing;Playing;
1509028771;STATUS;31;3393;24.000000;360;640;691.060974;Playing;Playing;
1509028773;STATUS;31;3442;24.500000;360;640;1031.268311;Playing;Playing;
1509028775;STATUS;31;3491;24.500000;360;640;932.104065;Playing;Playing;
1509028777;STATUS;31;3540;24.500000;360;640;1097.116211;Playing;Playing;
1509028779;STATUS;31;3589;24.500000;360;640;970.471741;Playing;Playing;
1509028781;STATUS;31;3637;24.000000;360;640;867.869385;Playing;Playing;
1509028783;STATUS;31;3686;24.500000;360;640;879.439331;Playing;Playing;
1509028785;STATUS;31;3735;24.500000;360;640;749.902466;Playing;Playing;
1509028787;STATUS;31;3784;24.500000;360;640;1124.422363;Playing;Playing;
1509028789;STATUS;31;3833;24.500000;360;640;852.491760;Playing;Playing;
1509028791;STATUS;31;3882;24.500000;360;640;1230.302856;Playing;Playing;
1509028793;STATUS;31;3930;24.000000;360;640;867.087708;Playing;Playing;
1509028795;STATUS;31;3955;12.500000;360;640;920.302856;Playing;Playing;
1509028797;STATUS;31;4003;24.000000;360;640;962.886353;Playing;Playing;
1509028799;STATUS;31;4051;24.000000;360;640;718.815186;Playing;Playing;
1509028801;STATUS;31;4101;25.000000;360;640;856.199158;Playing;Playing;
1509028803;STATUS;31;4150;24.500000;360;640;783.165710;Playing;Playing;
1509028805;STATUS;31;4199;24.500000;360;640;998.519043;Playing;Playing;
1509028807;STATUS;31;4248;24.500000;360;640;837.330566;Playing;Playing;
1509028809;STATUS;31;4297;24.500000;360;640;926.566833;Playing;Playing;
1509028811;STATUS;31;4346;24.500000;360;640;975.720947;Playing;Playing;
1509028813;STATUS;31;4396;25.000000;360;640;907.241211;Playing;Playing;
1509028815;STATUS;31;4445;24.500000;360;640;910.751038;Playing;Playing;
1509028817;STATUS;31;4494;24.500000;360;640;1198.113159;Playing;Playing;
1509028819;STATUS;31;4542;24.000000;360;640;899.065063;Playing;Playing;
1509028821;STATUS;31;4591;24.500000;360;640;787.917786;Playing;Playing;
1509028823;STATUS;31;4640;24.500000;360;640;1681.605347;Playing;Playing;
