1509032093;BUFFERING;0.000000%;
1509032093;STATUS;0;0;0.000000;0;0;0.000000;Playing;Playing;
1509032093;BUFFERING;0.000000%;
1509032093;BUFFERING;4.000000%;
1509032093;BUFFERING;8.000000%;
1509032093;BUFFERING;12.000000%;
1509032093;BUFFERING;16.000000%;
1509032093;BUFFERING;20.000000%;
1509032093;BUFFERING;25.000000%;
1509032093;BUFFERING;29.000000%;
1509032093;BUFFERING;33.000000%;
1509032093;BUFFERING;37.000000%;
1509032093;BUFFERING;41.000000%;
1509032093;BUFFERING;45.000000%;
1509032093;BUFFERING;50.000000%;
1509032093;BUFFERING;54.000000%;
1509032093;BUFFERING;58.000000%;
1509032093;BUFFERING;62.000000%;
1509032093;BUFFERING;66.000000%;
1509032093;BUFFERING;70.000000%;
1509032093;BUFFERING;75.000000%;
1509032093;BUFFERING;79.000000%;
1509032093;BUFFERING;83.000000%;
1509032093;BUFFERING;87.000000%;
1509032093;BUFFERING;91.000000%;
1509032093;BUFFERING;95.000000%;
1509032093;BUFFERING;100.000000%;
1509032093;BUFFERING;100.000000%;
1509032094;WARNING_EVENT;deferring start (15476 us);
1509032094;WARNING_EVENT;starting late (-6231 us);
1509032094;ERROR_EVENT;underflow;
1509032094;ERROR_EVENT;picture is too late to be displayed (missing 807 ms);
1509032094;ERROR_EVENT;picture is too late to be displayed (missing 765 ms);
1509032094;ERROR_EVENT;picture is too late to be displayed (missing 723 ms);
1509032094;ERROR_EVENT;picture is too late to be displayed (missing 683 ms);
1509032094;ERROR_EVENT;picture is too late to be displayed (missing 642 ms);
1509032094;ERROR_EVENT;picture is too late to be displayed (missing 605 ms);
1509032095;ERROR_EVENT;More than 4 late frames, dropping frame;
1509032095;ERROR_EVENT;More than 4 late frames, dropping frame;
1509032095;ERROR_EVENT;More than 4 late frames, dropping frame;
1509032095;ERROR_EVENT;More than 4 late frames, dropping frame;
1509032095;ERROR_EVENT;More than 4 late frames, dropping frame;
1509032095;ERROR_EVENT;More than 4 late frames, dropping frame;
1509032095;STATUS;5;1;0.500000;360;640;0.000000;Playing;Playing;
1509032097;STATUS;6;44;21.500000;360;640;444.964417;Playing;Playing;
1509032099;STATUS;6;92;24.000000;360;640;622.207642;Playing;Playing;
1509032101;STATUS;6;142;25.000000;360;640;230.918655;Playing;Playing;
1509032103;STATUS;6;190;24.000000;360;640;196.785309;Playing;Playing;
1509032105;STATUS;6;239;24.500000;360;640;263.097687;Playing;Playing;
1509032107;STATUS;6;288;24.500000;360;640;567.627686;Playing;Playing;
1509032109;STATUS;6;337;24.500000;360;640;525.420105;Playing;Playing;
1509032111;STATUS;6;386;24.500000;360;640;321.529083;Playing;Playing;
1509032113;STATUS;6;435;24.500000;360;640;341.631805;Playing;Playing;
1509032115;STATUS;6;483;24.000000;360;640;299.920715;Playing;Playing;
1509032117;STATUS;6;532;24.500000;360;640;441.331024;Playing;Playing;
1509032119;STATUS;6;582;25.000000;360;640;322.802612;Playing;Playing;
1509032121;STATUS;6;631;24.500000;360;640;226.957047;Playing;Playing;
1509032123;STATUS;6;680;24.500000;360;640;251.135193;Playing;Playing;
1509032125;STATUS;6;727;23.500000;360;640;276.466187;Playing;Playing;
1509032127;STATUS;6;777;25.000000;360;640;343.057831;Playing;Playing;
1509032129;STATUS;6;826;24.500000;360;640;387.653137;Playing;Playing;
1509032131;STATUS;6;874;24.000000;360;640;554.233398;Playing;Playing;
1509032133;STATUS;6;923;24.500000;360;640;256.407288;Playing;Playing;
1509032135;STATUS;6;972;24.500000;360;640;223.735275;Playing;Playing;
1509032137;STATUS;6;1020;24.000000;360;640;262.678162;Playing;Playing;
1509032139;STATUS;6;1068;24.000000;360;640;430.017120;Playing;Playing;
1509032141;STATUS;6;1118;25.000000;360;640;307.170502;Playing;Playing;
1509032143;STATUS;6;1167;24.500000;360;640;249.813004;Playing;Playing;
1509032145;STATUS;6;1216;24.500000;360;640;246.237289;Playing;Playing;
1509032147;STATUS;6;1265;24.500000;360;640;434.761810;Playing;Playing;
1509032149;STATUS;6;1314;24.500000;360;640;424.103180;Playing;Playing;
1509032151;STATUS;6;1339;12.500000;360;640;269.646637;Playing;Playing;
1509032153;STATUS;6;1387;24.000000;360;640;285.782013;Playing;Playing;
1509032155;STATUS;6;1436;24.500000;360;640;192.197037;Playing;Playing;
1509032157;STATUS;6;1485;24.500000;360;640;428.900421;Playing;Playing;
1509032159;STATUS;6;1533;24.000000;360;640;362.196381;Playing;Playing;
1509032161;STATUS;6;1581;24.000000;360;640;227.040283;Playing;Playing;
1509032163;STATUS;6;1630;24.500000;360;640;227.288727;Playing;Playing;
1509032165;STATUS;6;1679;24.500000;360;640;241.502792;Playing;Playing;
1509032167;STATUS;6;1727;24.000000;360;640;299.480133;Playing;Playing;
1509032169;STATUS;6;1776;24.500000;360;640;490.665131;Playing;Playing;
1509032171;STATUS;6;1824;24.000000;360;640;245.204575;Playing;Playing;
1509032173;STATUS;6;1873;24.500000;360;640;296.933929;Playing;Playing;
1509032175;STATUS;6;1921;24.000000;360;640;298.515228;Playing;Playing;
1509032177;STATUS;6;1970;24.500000;360;640;328.339844;Playing;Playing;
1509032179;STATUS;6;2019;24.500000;360;640;339.270294;Playing;Playing;
1509032181;STATUS;6;2068;24.500000;360;640;226.634094;Playing;Playing;
1509032183;STATUS;6;2117;24.500000;360;640;162.435135;Playing;Playing;
1509032185;STATUS;6;2165;24.000000;360;640;203.982956;Playing;Playing;
1509032187;STATUS;6;2214;24.500000;360;640;369.191071;Playing;Playing;
1509032189;STATUS;6;2263;24.500000;360;640;297.858826;Playing;Playing;
1509032191;STATUS;6;2313;25.000000;360;640;279.335175;Playing;Playing;
1509032193;STATUS;6;2361;24.000000;360;640;211.146805;Playing;Playing;
1509032195;STATUS;6;2410;24.500000;360;640;233.654129;Playing;Playing;
1509032197;STATUS;6;2459;24.500000;360;640;246.729187;Playing;Playing;
1509032199;STATUS;6;2508;24.500000;360;640;359.661591;Playing;Playing;
1509032201;STATUS;6;2557;24.500000;360;640;358.468628;Playing;Playing;
1509032203;STATUS;6;2606;24.500000;360;640;302.484070;Playing;Playing;
1509032205;STATUS;6;2654;24.000000;360;640;302.864136;Playing;Playing;
1509032207;STATUS;6;2703;24.500000;360;640;257.021942;Playing;Playing;
1509032209;STATUS;6;2751;24.000000;360;640;316.276947;Playing;Playing;
1509032211;STATUS;6;2799;24.000000;360;640;458.985107;Playing;Playing;
1509032213;STATUS;6;2847;24.000000;360;640;279.629944;Playing;Playing;
1509032215;STATUS;6;2896;24.500000;360;640;259.725861;Playing;Playing;
1509032217;STATUS;6;2944;24.000000;360;640;246.003815;Playing;Playing;
1509032219;STATUS;6;2993;24.500000;360;640;339.922211;Playing;Playing;
1509032221;STATUS;6;3041;24.000000;360;640;433.395294;Playing;Playing;
1509032223;STATUS;6;3090;24.500000;360;640;371.852264;Playing;Playing;
1509032225;STATUS;6;3114;12.000000;360;640;234.298401;Playing;Playing;
1509032227;STATUS;6;3163;24.500000;360;640;343.861389;Playing;Playing;
1509032229;STATUS;6;3211;24.000000;360;640;427.197296;Playing;Playing;
1509032231;STATUS;6;3260;24.500000;360;640;348.067444;Playing;Playing;
1509032233;STATUS;6;3309;24.500000;360;640;422.807953;Playing;Playing;
1509032235;STATUS;6;3358;24.500000;360;640;254.301453;Playing;Playing;
1509032237;STATUS;6;3406;24.000000;360;640;347.281647;Playing;Playing;
1509032239;STATUS;6;3455;24.500000;360;640;371.376831;Playing;Playing;
1509032241;STATUS;6;3505;25.000000;360;640;159.586105;Playing;Playing;
1509032243;STATUS;6;3554;24.500000;360;640;196.125900;Playing;Playing;
1509032245;STATUS;6;3602;24.000000;360;640;335.684967;Playing;Playing;
1509032247;STATUS;6;3652;25.000000;360;640;314.101624;Playing;Playing;
1509032249;STATUS;6;3701;24.500000;360;640;322.601257;Playing;Playing;
1509032251;STATUS;6;3750;24.500000;360;640;191.260071;Playing;Playing;
1509032253;STATUS;6;3799;24.500000;360;640;251.093872;Playing;Playing;
1509032255;STATUS;6;3847;24.000000;360;640;180.364304;Playing;Playing;
1509032257;STATUS;6;3896;24.500000;360;640;211.539978;Playing;Playing;
1509032259;STATUS;6;3945;24.500000;360;640;248.919052;Playing;Playing;
1509032261;STATUS;6;3994;24.500000;360;640;318.660675;Playing;Playing;
1509032263;STATUS;6;4043;24.500000;360;640;314.030731;Playing;Playing;
1509032265;STATUS;6;4091;24.000000;360;640;245.000443;Playing;Playing;
1509032267;STATUS;6;4140;24.500000;360;640;234.951447;Playing;Playing;
1509032269;STATUS;6;4190;25.000000;360;640;248.275146;Playing;Playing;
1509032271;STATUS;6;4239;24.500000;360;640;318.612213;Playing;Playing;
1509032273;STATUS;6;4288;24.500000;360;640;207.053650;Playing;Playing;
1509032275;STATUS;6;4337;24.500000;360;640;195.561935;Playing;Playing;
1509032277;STATUS;6;4385;24.000000;360;640;224.263779;Playing;Playing;
1509032279;STATUS;6;4434;24.500000;360;640;255.655594;Playing;Playing;
1509032281;STATUS;6;4459;12.500000;360;640;255.655594;Playing;Playing;
1509032283;STATUS;6;4507;24.000000;360;640;259.029144;Playing;Playing;
1509032285;STATUS;6;4557;25.000000;360;640;208.128510;Playing;Playing;
1509032287;STATUS;6;4605;24.000000;360;640;407.822601;Playing;Playing;
1509032289;STATUS;6;4653;24.000000;360;640;411.704987;Playing;Playing;
1509032291;STATUS;6;4702;24.500000;360;640;272.072632;Playing;Playing;
1509032293;STATUS;6;4750;24.000000;360;640;281.235229;Playing;Playing;
1509032295;STATUS;6;4799;24.500000;360;640;291.150543;Playing;Playing;
1509032297;STATUS;6;4848;24.500000;360;640;325.970367;Playing;Playing;
1509032299;STATUS;6;4897;24.500000;360;640;247.191849;Playing;Playing;
1509032301;STATUS;6;4946;24.500000;360;640;225.803040;Playing;Playing;
1509032303;STATUS;6;4994;24.000000;360;640;257.173187;Playing;Playing;
1509032305;STATUS;6;5043;24.500000;360;640;280.151794;Playing;Playing;
1509032307;STATUS;6;5091;24.000000;360;640;388.800629;Playing;Playing;
1509032309;STATUS;6;5140;24.500000;360;640;941.842590;Playing;Playing;
1509032311;STATUS;6;5189;24.500000;360;640;236.387772;Playing;Playing;
1509032313;STATUS;6;5237;24.000000;360;640;228.505600;Playing;Playing;
1509032315;STATUS;6;5286;24.500000;360;640;223.423248;Playing;Playing;
1509032317;STATUS;6;5335;24.500000;360;640;269.819000;Playing;Playing;
1509032319;STATUS;6;5384;24.500000;360;640;377.603027;Playing;Playing;
1509032321;STATUS;6;5432;24.000000;360;640;432.217285;Playing;Playing;
1509032323;STATUS;6;5481;24.500000;360;640;285.174011;Playing;Playing;
1509032325;STATUS;6;5530;24.500000;360;640;262.982025;Playing;Playing;
1509032327;STATUS;6;5579;24.500000;360;640;245.535614;Playing;Playing;
1509032329;STATUS;6;5627;24.000000;360;640;292.952942;Playing;Playing;
1509032331;STATUS;6;5676;24.500000;360;640;310.693420;Playing;Playing;
1509032333;STATUS;6;5724;24.000000;360;640;249.316452;Playing;Playing;
1509032335;STATUS;6;5773;24.500000;360;640;193.026016;Playing;Playing;
1509032337;STATUS;6;5822;24.500000;360;640;269.495087;Playing;Playing;
1509032339;STATUS;6;5871;24.500000;360;640;361.671326;Playing;Playing;
1509032341;STATUS;6;5919;24.000000;360;640;344.450928;Playing;Playing;
1509032343;STATUS;6;5968;24.500000;360;640;271.470795;Playing;Playing;
1509032345;STATUS;6;6017;24.500000;360;640;220.316833;Playing;Playing;
1509032347;STATUS;6;6065;24.000000;360;640;206.338333;Playing;Playing;
1509032349;STATUS;6;6114;24.500000;360;640;176.399902;Playing;Playing;
1509032351;STATUS;6;6139;12.500000;360;640;297.757568;Playing;Playing;
1509032352;ERROR_EVENT;playback in danger of stalling;
1509032353;STATUS;6;6187;24.000000;360;640;308.404907;Playing;Playing;
1509032355;STATUS;6;6236;24.500000;360;640;328.968201;Playing;Playing;
1509032357;STATUS;6;6285;24.500000;360;640;317.367676;Playing;Playing;
1509032359;STATUS;6;6333;24.000000;360;640;314.543365;Playing;Playing;
1509032361;STATUS;6;6381;24.000000;360;640;201.339890;Playing;Playing;
1509032362;ERROR_EVENT;playback in danger of stalling;
1509032363;STATUS;10;6430;24.500000;608;1080;225.281021;Playing;Playing;
1509032364;ERROR_EVENT;picture is too late to be displayed (missing 25 ms);
1509032365;STATUS;11;6454;12.000000;608;1080;486.201965;Playing;Playing;
1509032367;STATUS;11;6503;24.500000;608;1080;882.911377;Playing;Playing;
1509032369;STATUS;11;6552;24.500000;608;1080;1091.263672;Playing;Playing;
1509032371;STATUS;11;6600;24.000000;608;1080;1054.924927;Playing;Playing;
1509032373;ERROR_EVENT;playback in danger of stalling;
1509032373;STATUS;11;6649;24.500000;608;1080;1907.344727;Playing;Playing;
1509032374;ERROR_EVENT;underflow;
1509032375;STATUS;11;6649;0.000000;608;1080;1907.344727;Playing;Playing;
1509032377;STATUS;11;6649;0.000000;608;1080;1907.344727;Playing;Playing;
1509032379;STATUS;11;6649;0.000000;608;1080;1907.344727;Playing;Playing;
1509032385;RESPAWN;;
1509032385;BUFFERING;0.000000%;
1509032385;STATUS;11;0;0.000000;0;0;0.000000;Playing;Playing;
1509032385;BUFFERING;0.000000%;
1509032385;BUFFERING;4.000000%;
1509032385;BUFFERING;8.000000%;
1509032385;BUFFERING;12.000000%;
1509032385;BUFFERING;16.000000%;
1509032385;BUFFERING;20.000000%;
1509032385;BUFFERING;25.000000%;
1509032385;BUFFERING;29.000000%;
1509032385;BUFFERING;33.000000%;
1509032385;BUFFERING;37.000000%;
1509032385;BUFFERING;41.000000%;
1509032385;BUFFERING;45.000000%;
1509032385;BUFFERING;50.000000%;
1509032385;BUFFERING;54.000000%;
1509032385;BUFFERING;58.000000%;
1509032385;BUFFERING;62.000000%;
1509032385;BUFFERING;66.000000%;
1509032385;BUFFERING;70.000000%;
1509032385;BUFFERING;75.000000%;
1509032385;BUFFERING;79.000000%;
1509032385;BUFFERING;83.000000%;
1509032385;BUFFERING;87.000000%;
1509032385;BUFFERING;91.000000%;
1509032385;BUFFERING;95.000000%;
1509032385;BUFFERING;100.000000%;
1509032385;BUFFERING;100.000000%;
1509032385;WARNING_EVENT;deferring start (51716 us);
1509032385;WARNING_EVENT;deferring start (29952 us);
1509032385;WARNING_EVENT;deferring start (7940 us);
1509032385;WARNING_EVENT;starting late (-14048 us);
1509032385;WARNING_EVENT;playback too early (-49242): down-sampling;
1509032386;ERROR_EVENT;picture is too late to be displayed (missing 687 ms);
1509032386;ERROR_EVENT;picture is too late to be displayed (missing 645 ms);
1509032386;ERROR_EVENT;picture is too late to be displayed (missing 607 ms);
1509032386;ERROR_EVENT;picture is too late to be displayed (missing 573 ms);
1509032386;ERROR_EVENT;picture is too late to be displayed (missing 540 ms);
1509032386;ERROR_EVENT;picture is too late to be displayed (missing 498 ms);
1509032386;ERROR_EVENT;More than 4 late frames, dropping frame;
1509032386;ERROR_EVENT;More than 4 late frames, dropping frame;
1509032387;STATUS;11;0;0.000000;608;1080;0.000000;Playing;Playing;
1509032389;STATUS;17;39;19.500000;608;1080;881.945251;Playing;Playing;
1509032391;STATUS;17;86;23.500000;608;1080;1099.021973;Playing;Playing;
1509032393;STATUS;17;134;24.000000;608;1080;1065.915771;Playing;Playing;
1509032395;STATUS;17;182;24.000000;608;1080;1770.041382;Playing;Playing;
1509032397;STATUS;17;230;24.000000;608;1080;2582.339355;Playing;Playing;
1509032399;STATUS;17;279;24.500000;608;1080;1489.994751;Playing;Playing;
1509032401;STATUS;17;329;25.000000;608;1080;1519.839722;Playing;Playing;
1509032403;STATUS;17;376;23.500000;608;1080;527.136597;Playing;Playing;
1509032405;STATUS;17;427;25.500000;608;1080;422.459778;Playing;Playing;
1509032407;STATUS;17;476;24.500000;608;1080;1113.095581;Playing;Playing;
1509032409;STATUS;17;523;23.500000;608;1080;1720.018066;Playing;Playing;
1509032411;STATUS;17;571;24.000000;608;1080;1768.947144;Playing;Playing;
1509032413;STATUS;17;621;25.000000;608;1080;1783.810669;Playing;Playing;
1509032415;STATUS;17;670;24.500000;608;1080;1684.460693;Playing;Playing;
1509032417;STATUS;17;718;24.000000;608;1080;1573.801758;Playing;Playing;
1509032419;STATUS;17;765;23.500000;608;1080;2327.335205;Playing;Playing;
1509032421;STATUS;17;815;25.000000;608;1080;1020.122314;Playing;Playing;
1509032423;STATUS;17;863;24.000000;608;1080;980.165039;Playing;Playing;
1509032425;STATUS;17;912;24.500000;608;1080;1137.317871;Playing;Playing;
1509032427;STATUS;17;961;24.500000;608;1080;808.648682;Playing;Playing;
1509032429;STATUS;17;1010;24.500000;608;1080;661.189148;Playing;Playing;
1509032431;STATUS;17;1059;24.500000;608;1080;1169.026855;Playing;Playing;
1509032433;STATUS;17;1107;24.000000;608;1080;642.001221;Playing;Playing;
1509032435;STATUS;17;1155;24.000000;608;1080;1606.772827;Playing;Playing;
1509032437;STATUS;17;1204;24.500000;608;1080;1122.824463;Playing;Playing;
1509032439;STATUS;17;1252;24.000000;608;1080;962.418884;Playing;Playing;
1509032441;STATUS;17;1302;25.000000;608;1080;1547.115723;Playing;Playing;
1509032443;STATUS;17;1351;24.500000;608;1080;408.414185;Playing;Playing;
1509032445;STATUS;17;1400;24.500000;608;1080;300.894196;Playing;Playing;
1509032447;STATUS;17;1448;24.000000;608;1080;537.357300;Playing;Playing;
1509032449;STATUS;17;1497;24.500000;608;1080;1309.649170;Playing;Playing;
1509032451;STATUS;17;1546;24.500000;608;1080;962.700439;Playing;Playing;
1509032453;STATUS;17;1596;25.000000;608;1080;1013.725159;Playing;Playing;
1509032455;STATUS;17;1645;24.500000;608;1080;1027.072266;Playing;Playing;
1509032457;STATUS;17;1669;12.000000;608;1080;202.735260;Playing;Playing;
1509032459;STATUS;17;1718;24.500000;608;1080;382.764130;Playing;Playing;
1509032461;STATUS;17;1766;24.000000;608;1080;1278.590088;Playing;Playing;
1509032463;STATUS;17;1815;24.500000;608;1080;1808.972412;Playing;Playing;
1509032465;STATUS;17;1864;24.500000;608;1080;2226.594238;Playing;Playing;
1509032467;STATUS;17;1913;24.500000;608;1080;1290.378296;Playing;Playing;
1509032469;STATUS;17;1961;24.000000;608;1080;1000.982971;Playing;Playing;
1509032471;STATUS;17;2010;24.500000;608;1080;218.062912;Playing;Playing;
1509032473;STATUS;17;2059;24.500000;608;1080;619.599670;Playing;Playing;
1509032475;STATUS;17;2107;24.000000;608;1080;274.268494;Playing;Playing;
1509032477;STATUS;17;2156;24.500000;608;1080;600.869324;Playing;Playing;
1509032479;STATUS;17;2205;24.500000;608;1080;443.526917;Playing;Playing;
1509032481;STATUS;17;2254;24.500000;608;1080;407.662354;Playing;Playing;
1509032483;STATUS;17;2302;24.000000;608;1080;547.235901;Playing;Playing;
1509032485;STATUS;17;2351;24.500000;608;1080;399.464081;Playing;Playing;
1509032487;STATUS;17;2401;25.000000;608;1080;445.706665;Playing;Playing;
1509032489;STATUS;17;2450;24.500000;608;1080;365.094086;Playing;Playing;
1509032491;STATUS;17;2499;24.500000;608;1080;753.196411;Playing;Playing;
1509032493;STATUS;17;2548;24.500000;608;1080;548.595581;Playing;Playing;
1509032495;STATUS;17;2596;24.000000;608;1080;528.037231;Playing;Playing;
1509032497;STATUS;17;2645;24.500000;608;1080;746.772095;Playing;Playing;
1509032499;STATUS;17;2693;24.000000;608;1080;1336.410278;Playing;Playing;
1509032501;STATUS;17;2742;24.500000;608;1080;709.152100;Playing;Playing;
1509032503;STATUS;17;2789;23.500000;608;1080;933.102661;Playing;Playing;
1509032505;STATUS;17;2840;25.500000;608;1080;1809.397339;Playing;Playing;
1509032507;STATUS;17;2889;24.500000;608;1080;1625.980347;Playing;Playing;
1509032509;STATUS;17;2938;24.500000;608;1080;1278.374634;Playing;Playing;
1509032511;STATUS;17;2987;24.500000;608;1080;483.952118;Playing;Playing;
1509032513;STATUS;17;3035;24.000000;608;1080;1076.520874;Playing;Playing;
1509032515;STATUS;17;3084;24.500000;608;1080;487.200317;Playing;Playing;
1509032517;STATUS;17;3133;24.500000;608;1080;892.484619;Playing;Playing;
1509032519;STATUS;17;3158;12.500000;608;1080;577.790222;Playing;Playing;
1509032521;STATUS;17;3207;24.500000;608;1080;1039.285278;Playing;Playing;
1509032523;STATUS;17;3254;23.500000;608;1080;647.370239;Playing;Playing;
1509032525;STATUS;17;3304;25.000000;608;1080;949.825745;Playing;Playing;
1509032527;STATUS;17;3353;24.500000;608;1080;1074.407715;Playing;Playing;
1509032529;STATUS;17;3402;24.500000;608;1080;1074.618774;Playing;Playing;
1509032531;STATUS;17;3451;24.500000;608;1080;601.271973;Playing;Playing;
1509032533;STATUS;17;3500;24.500000;608;1080;1903.393921;Playing;Playing;
1509032535;STATUS;17;3549;24.500000;608;1080;922.616638;Playing;Playing;
1509032537;STATUS;17;3597;24.000000;608;1080;869.102295;Playing;Playing;
1509032539;STATUS;17;3646;24.500000;608;1080;1328.468262;Playing;Playing;
1509032541;STATUS;17;3695;24.500000;608;1080;806.423584;Playing;Playing;
1509032543;STATUS;17;3744;24.500000;608;1080;334.855286;Playing;Playing;
1509032545;STATUS;17;3792;24.000000;608;1080;614.977234;Playing;Playing;
1509032547;STATUS;17;3840;24.000000;608;1080;1251.605469;Playing;Playing;
1509032549;STATUS;17;3888;24.000000;608;1080;1302.312012;Playing;Playing;
1509032551;STATUS;17;3938;25.000000;608;1080;874.891724;Playing;Playing;
1509032553;STATUS;17;3986;24.000000;608;1080;369.522827;Playing;Playing;
1509032555;STATUS;17;4035;24.500000;608;1080;1013.894775;Playing;Playing;
1509032557;STATUS;17;4084;24.500000;608;1080;496.572083;Playing;Playing;
1509032559;STATUS;17;4132;24.000000;608;1080;515.944519;Playing;Playing;
1509032561;STATUS;17;4181;24.500000;608;1080;694.032227;Playing;Playing;
1509032563;STATUS;17;4229;24.000000;608;1080;1653.028564;Playing;Playing;
1509032565;ERROR_EVENT;playback in danger of stalling;
1509032565;STATUS;17;4277;24.000000;608;1080;654.131226;Playing;Playing;
1509032567;STATUS;17;4324;23.500000;608;1080;1116.711548;Playing;Playing;
1509032569;STATUS;17;4374;25.000000;608;1080;1342.305908;Playing;Playing;
1509032571;STATUS;17;4423;24.500000;608;1080;494.515381;Playing;Playing;
1509032573;STATUS;17;4472;24.500000;608;1080;1490.272705;Playing;Playing;
1509032575;STATUS;17;4520;24.000000;608;1080;826.989136;Playing;Playing;
1509032577;STATUS;17;4568;24.000000;608;1080;229.588547;Playing;Playing;
1509032579;STATUS;17;4617;24.500000;608;1080;1168.491089;Playing;Playing;
1509032581;STATUS;17;4666;24.500000;608;1080;1784.992798;Playing;Playing;
1509032583;STATUS;17;4715;24.500000;608;1080;376.912079;Playing;Playing;
1509032585;STATUS;17;4764;24.500000;608;1080;874.862671;Playing;Playing;
1509032587;STATUS;17;4813;24.500000;608;1080;942.747314;Playing;Playing;
1509032589;STATUS;17;4861;24.000000;608;1080;769.558289;Playing;Playing;
1509032591;STATUS;17;4886;12.500000;608;1080;260.242004;Playing;Playing;
1509032593;STATUS;17;4935;24.500000;608;1080;944.708984;Playing;Playing;
1509032595;STATUS;17;4984;24.500000;608;1080;1351.719727;Playing;Playing;
1509032596;ERROR_EVENT;playback in danger of stalling;
1509032597;STATUS;17;5032;24.000000;608;1080;1585.517700;Playing;Playing;
1509032599;STATUS;17;5082;25.000000;608;1080;2423.183838;Playing;Playing;
1509032601;STATUS;17;5131;24.500000;608;1080;494.367981;Playing;Playing;
1509032603;STATUS;17;5179;24.000000;608;1080;806.324585;Playing;Playing;
1509032605;ERROR_EVENT;playback in danger of stalling;
1509032605;STATUS;17;5228;24.500000;608;1080;922.694519;Playing;Playing;
1509032606;ERROR_EVENT;underflow;
1509032607;STATUS;17;5228;0.000000;608;1080;922.694519;Playing;Playing;
1509032609;STATUS;17;5228;0.000000;608;1080;922.694519;Playing;Playing;
1509032611;STATUS;17;5228;0.000000;608;1080;922.694519;Playing;Playing;
1509032617;RESPAWN;;
1509032617;BUFFERING;0.000000%;
1509032617;STATUS;17;0;0.000000;0;0;0.000000;Playing;Playing;
1509032617;BUFFERING;0.000000%;
1509032617;BUFFERING;4.000000%;
1509032617;BUFFERING;8.000000%;
1509032617;BUFFERING;12.000000%;
1509032617;BUFFERING;16.000000%;
1509032617;BUFFERING;20.000000%;
1509032617;BUFFERING;25.000000%;
1509032617;BUFFERING;29.000000%;
1509032617;BUFFERING;33.000000%;
1509032617;BUFFERING;37.000000%;
1509032617;BUFFERING;41.000000%;
1509032617;BUFFERING;45.000000%;
1509032617;BUFFERING;50.000000%;
1509032617;BUFFERING;54.000000%;
1509032617;BUFFERING;58.000000%;
1509032617;BUFFERING;62.000000%;
1509032617;BUFFERING;66.000000%;
1509032617;BUFFERING;70.000000%;
1509032617;BUFFERING;75.000000%;
1509032617;BUFFERING;79.000000%;
1509032617;BUFFERING;83.000000%;
1509032617;BUFFERING;87.000000%;
1509032617;BUFFERING;91.000000%;
1509032617;BUFFERING;95.000000%;
1509032617;BUFFERING;100.000000%;
1509032617;BUFFERING;100.000000%;
1509032617;WARNING_EVENT;starting late (-32403 us);
1509032618;ERROR_EVENT;picture is too late to be displayed (missing 750 ms);
1509032618;ERROR_EVENT;picture is too late to be displayed (missing 708 ms);
1509032618;ERROR_EVENT;picture is too late to be displayed (missing 668 ms);
1509032618;ERROR_EVENT;picture is too late to be displayed (missing 627 ms);
1509032618;ERROR_EVENT;picture is too late to be displayed (missing 586 ms);
1509032618;ERROR_EVENT;picture is too late to be displayed (missing 548 ms);
1509032618;ERROR_EVENT;More than 4 late frames, dropping frame;
1509032618;ERROR_EVENT;More than 4 late frames, dropping frame;
1509032618;ERROR_EVENT;More than 4 late frames, dropping frame;
1509032618;ERROR_EVENT;More than 4 late frames, dropping frame;
1509032618;ERROR_EVENT;More than 4 late frames, dropping frame;
1509032619;STATUS;17;0;0.000000;360;640;0.000000;Playing;Playing;
1509032621;STATUS;23;45;22.500000;360;640;386.653687;Playing;Playing;
1509032623;STATUS;23;93;24.000000;360;640;460.785706;Playing;Playing;
1509032625;STATUS;23;142;24.500000;360;640;238.605850;Playing;Playing;
1509032627;STATUS;23;189;23.500000;360;640;248.737411;Playing;Playing;
1509032629;STATUS;23;238;24.500000;360;640;557.070312;Playing;Playing;
1509032631;STATUS;23;287;24.500000;360;640;380.146332;Playing;Playing;
1509032633;STATUS;23;335;24.000000;360;640;295.047455;Playing;Playing;
1509032635;STATUS;23;384;24.500000;360;640;345.030273;Playing;Playing;
1509032637;STATUS;23;433;24.500000;360;640;322.960938;Playing;Playing;
1509032639;STATUS;23;481;24.000000;360;640;208.639374;Playing;Playing;
1509032641;STATUS;23;530;24.500000;360;640;300.894470;Playing;Playing;
1509032643;STATUS;23;578;24.000000;360;640;542.974121;Playing;Playing;
1509032645;STATUS;23;627;24.500000;360;640;328.478302;Playing;Playing;
1509032647;STATUS;23;675;24.000000;360;640;359.238220;Playing;Playing;
1509032649;STATUS;23;724;24.500000;360;640;281.330750;Playing;Playing;
1509032651;STATUS;23;773;24.500000;360;640;452.303040;Playing;Playing;
1509032653;STATUS;23;822;24.500000;360;640;317.814514;Playing;Playing;
1509032655;STATUS;23;870;24.000000;360;640;227.234314;Playing;Playing;
1509032657;STATUS;23;919;24.500000;360;640;231.444122;Playing;Playing;
1509032659;STATUS;23;968;24.500000;360;640;263.209534;Playing;Playing;
1509032661;STATUS;23;1017;24.500000;360;640;529.284302;Playing;Playing;
1509032663;STATUS;23;1065;24.000000;360;640;391.102478;Playing;Playing;
1509032665;STATUS;23;1114;24.500000;360;640;540.151611;Playing;Playing;
1509032667;STATUS;23;1163;24.500000;360;640;260.134186;Playing;Playing;
1509032669;STATUS;23;1211;24.000000;360;640;219.643066;Playing;Playing;
1509032671;STATUS;23;1260;24.500000;360;640;250.597000;Playing;Playing;
1509032673;STATUS;23;1309;24.500000;360;640;422.835876;Playing;Playing;
1509032675;STATUS;23;1358;24.500000;360;640;320.279694;Playing;Playing;
1509032677;STATUS;23;1406;24.000000;360;640;232.952072;Playing;Playing;
1509032679;STATUS;23;1455;24.500000;360;640;236.710297;Playing;Playing;
1509032681;STATUS;23;1504;24.500000;360;640;237.126816;Playing;Playing;
1509032683;STATUS;23;1552;24.000000;360;640;435.848602;Playing;Playing;
1509032685;STATUS;23;1601;24.500000;360;640;242.357864;Playing;Playing;
1509032687;STATUS;23;1650;24.500000;360;640;257.647919;Playing;Playing;
1509032689;STATUS;23;1674;12.000000;360;640;334.743561;Playing;Playing;
1509032691;STATUS;23;1723;24.500000;360;640;417.462616;Playing;Playing;
1509032693;STATUS;23;1771;24.000000;360;640;304.655151;Playing;Playing;
1509032695;STATUS;23;1820;24.500000;360;640;213.952576;Playing;Playing;
1509032697;STATUS;23;1869;24.500000;360;640;225.979645;Playing;Playing;
1509032699;STATUS;23;1917;24.000000;360;640;225.869400;Playing;Playing;
1509032701;STATUS;23;1966;24.500000;360;640;293.449921;Playing;Playing;
1509032703;STATUS;23;2014;24.000000;360;640;498.430481;Playing;Playing;
1509032705;STATUS;23;2062;24.000000;360;640;229.312881;Playing;Playing;
1509032707;STATUS;23;2111;24.500000;360;640;288.623932;Playing;Playing;
1509032709;STATUS;23;2160;24.500000;360;640;246.264755;Playing;Playing;
1509032711;STATUS;23;2209;24.500000;360;640;311.660675;Playing;Playing;
1509032713;STATUS;23;2258;24.500000;360;640;342.839996;Playing;Playing;
1509032715;STATUS;23;2306;24.000000;360;640;231.945984;Playing;Playing;
1509032717;STATUS;23;2355;24.500000;360;640;165.723511;Playing;Playing;
1509032719;STATUS;23;2404;24.500000;360;640;200.142212;Playing;Playing;
1509032721;STATUS;23;2453;24.500000;360;640;382.832336;Playing;Playing;
1509032723;STATUS;23;2502;24.500000;360;640;301.405884;Playing;Playing;
1509032725;STATUS;23;2552;25.000000;360;640;222.015564;Playing;Playing;
1509032727;STATUS;23;2601;24.500000;360;640;240.514709;Playing;Playing;
1509032729;STATUS;23;2650;24.500000;360;640;265.500275;Playing;Playing;
1509032731;STATUS;23;2699;24.500000;360;640;238.398560;Playing;Playing;
1509032733;STATUS;23;2747;24.000000;360;640;248.870483;Playing;Playing;
1509032735;STATUS;23;2796;24.500000;360;640;324.382690;Playing;Playing;
1509032737;STATUS;23;2845;24.500000;360;640;298.423401;Playing;Playing;
1509032739;STATUS;23;2894;24.500000;360;640;327.879272;Playing;Playing;
1509032741;STATUS;23;2942;24.000000;360;640;265.813080;Playing;Playing;
1509032743;STATUS;23;2991;24.500000;360;640;238.122284;Playing;Playing;
1509032745;STATUS;23;3039;24.000000;360;640;227.907455;Playing;Playing;
1509032747;STATUS;23;3088;24.500000;360;640;351.647919;Playing;Playing;
1509032749;STATUS;23;3137;24.500000;360;640;363.530273;Playing;Playing;
1509032751;STATUS;23;3186;24.500000;360;640;256.905060;Playing;Playing;
1509032753;STATUS;23;3234;24.000000;360;640;236.385437;Playing;Playing;
1509032755;STATUS;23;3283;24.500000;360;640;266.218414;Playing;Playing;
1509032757;STATUS;23;3307;12.000000;360;640;262.760651;Playing;Playing;
1509032759;STATUS;23;3356;24.500000;360;640;227.054947;Playing;Playing;
1509032761;STATUS;23;3406;25.000000;360;640;241.825043;Playing;Playing;
1509032763;STATUS;23;3455;24.500000;360;640;388.241425;Playing;Playing;
1509032765;STATUS;23;3504;24.500000;360;640;375.286133;Playing;Playing;
1509032767;STATUS;23;3553;24.500000;360;640;521.741394;Playing;Playing;
1509032769;STATUS;23;3602;24.500000;360;640;275.709229;Playing;Playing;
1509032771;STATUS;23;3651;24.500000;360;640;247.843460;Playing;Playing;
1509032773;STATUS;23;3700;24.500000;360;640;355.669678;Playing;Playing;
1509032775;STATUS;23;3749;24.500000;360;640;384.290985;Playing;Playing;
1509032777;STATUS;23;3797;24.000000;360;640;407.343292;Playing;Playing;
1509032779;STATUS;23;3846;24.500000;360;640;230.865295;Playing;Playing;
1509032781;STATUS;23;3895;24.500000;360;640;313.560150;Playing;Playing;
1509032783;STATUS;23;3944;24.500000;360;640;247.800858;Playing;Playing;
1509032785;STATUS;23;3992;24.000000;360;640;342.359283;Playing;Playing;
1509032787;STATUS;23;4041;24.500000;360;640;234.338043;Playing;Playing;
1509032789;STATUS;23;4089;24.000000;360;640;182.380173;Playing;Playing;
1509032791;STATUS;23;4138;24.500000;360;640;208.789291;Playing;Playing;
1509032793;STATUS;23;4187;24.500000;360;640;282.200012;Playing;Playing;
1509032795;STATUS;23;4236;24.500000;360;640;216.373032;Playing;Playing;
1509032797;STATUS;23;4285;24.500000;360;640;314.070251;Playing;Playing;
1509032799;STATUS;23;4333;24.000000;360;640;317.814728;Playing;Playing;
1509032801;STATUS;23;4382;24.500000;360;640;255.358215;Playing;Playing;
1509032803;STATUS;23;4431;24.500000;360;640;250.790710;Playing;Playing;
1509032805;STATUS;23;4479;24.000000;360;640;273.787872;Playing;Playing;
1509032807;STATUS;23;4528;24.500000;360;640;195.013153;Playing;Playing;
1509032809;STATUS;23;4577;24.500000;360;640;183.718491;Playing;Playing;
1509032811;STATUS;23;4625;24.000000;360;640;247.329041;Playing;Playing;
1509032813;STATUS;23;4674;24.500000;360;640;311.910034;Playing;Playing;
1509032815;STATUS;23;4722;24.000000;360;640;239.351532;Playing;Playing;
1509032817;STATUS;23;4771;24.500000;360;640;255.725739;Playing;Playing;
1509032819;STATUS;23;4796;12.500000;360;640;270.213440;Playing;Playing;
1509032821;STATUS;23;4845;24.500000;360;640;412.938629;Playing;Playing;
1509032823;STATUS;23;4892;23.500000;360;640;264.577667;Playing;Playing;
1509032825;STATUS;23;4942;25.000000;360;640;274.419067;Playing;Playing;
1509032827;STATUS;23;4991;24.500000;360;640;260.813568;Playing;Playing;
1509032829;STATUS;23;5040;24.500000;360;640;304.018311;Playing;Playing;
1509032831;STATUS;23;5089;24.500000;360;640;337.881805;Playing;Playing;
1509032833;STATUS;23;5138;24.500000;360;640;249.849899;Playing;Playing;
1509032835;STATUS;23;5186;24.000000;360;640;215.326202;Playing;Playing;
